Home,Start Time,Result,Away,AH Line Home,AH Home Odds,AH Away Odds,Home Win Odds,Draw Odds,Away Win Odds,O/U Line,Over Odds,Under Odds,Implied_GD,lambda_total,lambda_home,lambda_away,pUnder_fair,AH_model_WF,AH_market_pHome,Goals_Home,Goals_Away,PK_Home,PK_Away,IGDev_Home,IGDev_Away,H_Actual_GD_NP,H_Actual_GD_NP – Implied_GD,GD Dev Percentage,OverPerf_Thres_H,UnderPerf_Thres_H,OverPerf,UnderPerf,Normal Range
Real Madrid,2026-04-10,HT:0-0/FT:1-1,Girona,-1.75,1.97,1.85,1.67,2.7,7,3.5,1.93,1.75,1.392100,3.556663,2.474382,1.082281,0.524457,0.410800,0.484293,1,1,0,0,-1.474382,0.0822810000000001,0,-1.3921,-100.00,2.296965,0.487235,No,Yes,No
Girona,2026-04-06,HT:1-0/FT:1-0,Villarreal,0.25,1.88,1.93,3.5,2.1,2.8,2.5,1.67,2.03,-0.216762,2.876795,1.330017,1.546779,0.451351,0.513341,0.506562,1,0,0,0,-0.330017,1.546779,1,1.216762,-561.34,-0.075867,-0.357657,Yes,No,No
Alaves,2026-04-05,HT:1-1/FT:2-2,Osasuna,0,1.75,2.1,3.1,1.92,3.6,2.5,2.2,1.58,0.145255,2.353093,1.249174,1.103919,0.582011,0.535498,0.545455,2,2,1,1,-0.249174,-1.896081,0,-0.145255,-100.00,0.239671,0.050839,No,Yes,No
Oviedo,2026-04-05,HT:1-0/FT:1-0,Sevilla,0,2.02,1.8,3.6,1.82,3.4,2.5,2.3,1.53,-0.055524,2.283112,1.113794,1.169318,0.600522,0.486244,0.471204,1,0,0,0,-0.113794,1.169318,1,1.055524,-1901.02,-0.019433,-0.091615,Yes,No,No
Valencia,2026-04-05,HT:1-0/FT:2-3,Celta de Vigo,-0.25,2,1.82,3,1.95,3.6,2.5,2.1,1.63,0.177107,2.425723,1.301415,1.124308,0.563003,0.474316,0.476440,2,3,0,0,0.698585,-1.875692,-1,-1.177107,-664.63,0.292227,0.061987,No,Yes,No
Getafe,2026-04-05,HT:1-0/FT:2-0,Athletic Bilbao,0.25,1.72,2.1,3.9,1.75,3.4,1.5,1.6,2.15,-0.133277,1.925071,0.895897,1.029174,0.426667,0.543260,0.549738,2,0,0,0,1.104103,1.029174,2,2.133277,-1600.63,-0.046647,-0.219907,Yes,No,No
Atletico Madrid,2026-04-04,HT:1-1/FT:1-2,Barcelona,0.5,1.8,1.75,3.2,2.25,2.7,3.5,2.1,1.63,-0.165040,3.378776,1.606868,1.771908,0.563003,0.578866,0.492958,1,2,0,0,-0.606868,-0.228092,-1,-0.83496,505.91,-0.057764,-0.272316,No,Yes,No
Real Betis,2026-04-04,HT:0-0/FT:0-0,Espanyol,-0.5,1.77,2.03,2.2,2.25,4.5,2.5,1.75,1.93,0.695153,2.774545,1.734849,1.039696,0.475543,0.536675,0.534211,0,0,0,0,-1.734849,1.039696,0,-0.695153,-100.00,1.147002,0.243304,No,Yes,No
Mallorca,2026-04-04,HT:1-0/FT:2-1,Real Madrid,1,1.85,1.97,5,2.3,2.05,3.5,2.3,1.53,-0.866098,3.208976,1.171439,2.037537,0.600522,0.540555,0.515707,2,1,0,0,0.828561,1.037537,1,1.866098,-215.46,-0.303134,-1.429062,Yes,No,No
Sociedad,2026-04-04,HT:1-0/FT:2-0,Levante,-1,2,1.82,2.1,2.25,5,3.5,2.3,1.53,0.842690,3.208976,2.025833,1.183143,0.600522,0.454516,0.476440,2,0,0,0,-0.025833,1.183143,2,1.15731,137.34,1.390439,0.294942,Yes,No,No
Vallecano,2026-04-03,HT:0-0/FT:1-0,Elche,-0.75,1.97,1.85,2.35,2.05,4.8,2.5,1.93,1.75,0.693774,2.576058,1.634916,0.941142,0.524457,0.474560,0.484293,1,0,0,0,-0.634916,0.941142,1,0.306226,44.14,1.144727,0.242821,No,No,Yes
Real Madrid,2026-03-22,HT:0-1/FT:3-2,Atletico Madrid,-0.5,1.8,2.02,1.8,3.7,3.4,3.5,2.35,1.5,0.617799,3.164685,1.891242,1.273443,0.61039,0.518617,0.528796,3,2,1,1,0.108758,-0.273443,1,0.382201,61.86,1.019368,0.216230,No,No,Yes
Athletic Bilbao,2026-03-22,HT:2-0/FT:2-1,Real Betis,-0.5,2,1.77,2.1,3.1,3.1,2.5,1.93,1.75,0.378326,2.576058,1.477192,1.098866,0.524457,0.458608,0.469496,2,1,0,0,0.522808,-0.098866,1,0.621674,164.32,0.624238,0.132414,No,No,Yes
Celta de Vigo,2026-03-22,HT:3-1/FT:3-4,Alaves,-0.5,1.77,2.07,1.77,3.1,4.2,2.5,2.2,1.58,0.839392,2.353093,1.596242,0.756851,0.582011,0.574108,0.539063,3,4,0,0,1.403758,3.243149,-1,-1.839392,-219.13,1.384997,0.293787,No,Yes,No
Barcelona,2026-03-22,HT:1-0/FT:1-0,Vallecano,-2,2.02,1.8,1.2,6,10,3.5,1.72,1.97,2.059624,3.836114,2.947869,0.888245,0.466125,0.493577,0.471204,1,0,0,0,-1.947869,-0.888245,1,-1.059624,-51.45,3.39838,0.720868,No,Yes,No
Sevilla,2026-03-21,HT:0-2/FT:0-2,Valencia,-0.25,1.93,1.88,2.15,2.95,3.1,2.5,2.3,1.53,0.355469,2.283112,1.31929,0.963822,0.600522,0.517784,0.493438,0,2,0,0,-1.31929,1.036178,-2,-2.355469,-662.64,0.586524,0.124414,No,Yes,No
Levante,2026-03-21,HT:2-2/FT:4-2,Oviedo,-0.25,1.91,1.91,2.1,3.1,3.05,2.5,2.03,1.67,0.362531,2.481184,1.421857,1.059327,0.548649,0.519732,0.5,4,2,0,0,2.578143,0.940673,2,1.637469,451.68,0.598176,0.126886,Yes,No,No
Osasuna,2026-03-21,HT:0-0/FT:1-0,Girona,-0.5,1.97,1.8,2.1,3.1,3.05,2.5,1.87,1.8,0.362531,2.635571,1.499051,1.13652,0.509537,0.455575,0.477454,1,0,0,0,-0.499051,-1.13652,1,0.637469,175.84,0.598176,0.126886,Yes,No,No
Espanyol,2026-03-21,HT:0-2/FT:1-2,Getafe,-0.25,2.02,1.8,2.3,2.8,3.05,1.5,1.58,2.2,0.274161,1.956206,1.115183,0.841023,0.417989,0.49505,0.471204,1,2,0,0,-0.115183,1.158977,-1,-1.274161,-464.75,0.452366,0.095956,No,Yes,No
Elche,2026-03-21,HT:0-0/FT:2-1,Mallorca,-0.25,1.85,1.97,2.05,3.1,3.2,2.5,2,1.7,0.432575,2.512774,1.472675,1.0401,0.540541,0.536623,0.515707,2,1,0,0,0.527325,-0.0401,1,0.567425,131.17,0.713749,0.151401,No,No,Yes
Villarreal,2026-03-20,HT:3-0/FT:3-1,Sociedad,-0.5,1.88,1.93,1.87,3.3,3.5,2.5,1.72,1.97,0.608897,2.813994,1.711445,1.102548,0.466125,0.516168,0.506562,3,1,0,0,1.288555,-0.102548,2,1.391103,228.46,1.00468,0.213114,Yes,No,No
Vallecano,2026-03-16,HT:0-1/FT:1-1,Levante,-0.5,1.77,2.03,1.6,3.6,4.5,2.5,1.8,1.87,1.004499,2.712927,1.858713,0.854214,0.490463,0.610754,0.534211,1,1,0,0,-0.858713,0.145786,0,-1.004499,-100,1.657423,0.351575,No,Yes,No
Sociedad,2026-03-15,HT:2-0/FT:3-1,Osasuna,-0.5,1.88,1.93,1.87,3.2,3.6,2.5,1.97,1.72,0.636263,2.538895,1.587579,0.951316,0.533875,0.52225,0.506562,3,1,1,0,0.412421,0.048684,1,0.363737,57.17,1.049834,0.222692,No,No,Yes
Real Betis,2026-03-15,HT:0-1/FT:1-1,Celta de Vigo,-0.5,2,1.77,2.15,3,3.1,2.5,1.87,1.8,0.355469,2.635571,1.49552,1.140051,0.509537,0.453861,0.469496,1,1,0,0,-0.49552,-0.140051,0,-0.355469,-100,0.586524,0.124414,No,Yes,No
Barcelona,2026-03-15,HT:3-1/FT:5-2,Sevilla,-1.75,1.85,1.97,1.2,6,9,3.5,1.77,1.9,1.957277,3.757158,2.857218,0.899941,0.482289,0.525167,0.515707,5,2,2,0,0.142782,1.100059,1,-0.957277,-48.91,3.229507,0.685047,No,Yes,No
Mallorca,2026-03-15,HT:0-1/FT:2-1,Espanyol,-0.25,1.97,1.85,2.2,2.95,3.05,2.5,2.25,1.55,0.317341,2.314848,1.316094,0.998753,0.592105,0.508298,0.484293,2,1,0,0,0.683906,0.001247,1,0.682659,215.12,0.523613,0.111069,Yes,No,No
Real Madrid,2026-03-14,HT:2-0/FT:4-1,Elche,-1.75,1.91,1.91,1.18,6.5,9,3.5,2,1.7,1.973603,3.481913,2.727758,0.754155,0.540541,0.528036,0.5,4,1,0,0,1.272242,0.245845,3,1.026397,52.01,3.256445,0.690761,No,No,Yes
Oviedo,2026-03-14,HT:1-0/FT:1-0,Valencia,0,2,1.82,2.65,2.95,2.45,2.5,2.3,1.53,-0.076227,2.283112,1.103442,1.17967,0.600522,0.481117,0.47644,1,0,0,0,-0.103442,-1.17967,1,1.076227,-1411.87,-0.026679,-0.125775,Yes,No,No
Atletico Madrid,2026-03-14,HT:1-0/FT:1-0,Getafe,-0.75,1.75,2.05,1.48,3.4,6.5,2.5,2.4,1.49,1.437439,2.221455,1.829447,0.392008,0.616967,0.657383,0.539474,1,0,0,0,-0.829447,-0.392008,1,-0.437439,-30.43,2.371774,0.503104,No,Yes,No
Girona,2026-03-14,HT:1-0/FT:3-0,Athletic Bilbao,0,1.93,1.88,2.55,3.05,2.5,2.5,1.97,1.72,-0.019236,2.538895,1.25983,1.279066,0.533875,0.495446,0.493438,3,0,0,0,1.74017,-1.279066,3,3.019236,-15695.76,-0.006733,-0.031739,Yes,No,No
Alaves,2026-03-13,HT:1-0/FT:1-1,Villarreal,0.25,2,1.82,3.1,3.2,2.05,2.5,1.97,1.72,-0.401734,2.538895,1.06858,1.470315,0.533875,0.47084,0.47644,1,1,0,0,-0.06858,-0.470315,0,0.401734,-100,-0.140607,-0.662861,Yes,No,No
Espanyol,2026-03-09,HT:1-1/FT:1-1,Oviedo,-0.5,1.91,1.91,1.85,3.05,3.9,2.5,2.2,1.58,0.724461,2.353093,1.538777,0.814316,0.582011,0.544507,0.5,1,1,0,0,-0.538777,0.185684,0,-0.724461,-100,1.195361,0.253561,No,Yes,No
Valencia,2026-03-08,HT:0-1/FT:3-2,Alaves,-0.25,1.77,2.07,2,2.9,3.6,2.5,2.35,1.5,0.570976,2.246064,1.40852,0.837544,0.61039,0.572172,0.539063,3,2,1,1,0.59148,0.162456,1,0.429024,75.14,0.94211,0.199842,No,No,Yes
Sevilla,2026-03-08,HT:1-0/FT:1-1,Vallecano,0,1.75,2.1,2.4,2.9,2.8,2.5,2.2,1.58,0.149742,2.353093,1.251417,1.101675,0.582011,0.536592,0.545455,1,1,0,0,-0.251417,-0.101675,0,-0.149742,-100,0.247074,0.05241,No,Yes,No
Getafe,2026-03-08,HT:2-0/FT:2-0,Real Betis,0,1.93,1.88,2.7,2.65,2.65,1.5,1.5,2.35,-0.018158,2.061519,1.021681,1.039838,0.38961,0.495304,0.493438,2,0,0,0,0.978319,-1.039838,2,2.018158,-11114.43,-0.006355,-0.029961,Yes,No,No
Villarreal,2026-03-08,HT:2-0/FT:2-1,Elche,-1.25,2.03,1.77,1.42,4.2,5.5,2.5,1.53,2.3,1.315364,3.107797,2.21158,0.896216,0.399478,0.496348,0.465789,2,1,0,0,-0.21158,0.103784,1,-0.315364,-23.98,2.170351,0.460377,No,Yes,No
Athletic Bilbao,2026-03-07,HT:0-0/FT:0-1,Barcelona,0.75,2,1.8,4.4,4,1.55,3.5,2.15,1.6,-1.01351,3.331756,1.159123,2.172633,0.573333,0.452197,0.473684,0,1,0,0,-1.159123,-1.172633,-1,0.01351,-1.33,-0.354729,-1.672292,Yes,No,No
Atletico Madrid,2026-03-07,HT:1-1/FT:3-2,Sociedad,-0.75,1.77,2.03,1.55,3.7,4.8,2.5,1.72,1.97,1.098033,2.813994,1.956013,0.85798,0.466125,0.569031,0.534211,3,2,0,0,1.043987,1.14202,1,-0.098033,-8.93,1.811754,0.384312,No,Yes,No
Levante,2026-03-07,HT:0-0/FT:1-1,Girona,0,2.03,1.77,2.65,3.1,2.35,2.5,1.83,1.83,-0.116708,2.67406,1.278676,1.395384,0.5,0.473007,0.465789,1,1,0,0,-0.278676,-0.395384,0,0.116708,-100,-0.040848,-0.192568,Yes,No,No
Osasuna,2026-03-07,HT:0-1/FT:2-2,Mallorca,-0.5,1.77,2.03,1.67,3.3,4.5,2.5,2.2,1.58,0.962904,2.353093,1.657998,0.695094,0.582011,0.60567,0.534211,2,2,0,0,0.342002,1.304906,0,-0.962904,-100,1.588792,0.337016,No,Yes,No
Celta de Vigo,2026-03-06,HT:1-1/FT:1-2,Real Madrid,0,2.05,1.75,3.1,3.2,2.05,2.5,1.72,1.97,-0.401734,2.813994,1.20613,1.607864,0.466125,0.409692,0.460526,1,2,0,0,-0.20613,0.392136,-1,-0.598266,148.92,-0.140607,-0.662861,No,No,Yes
Vallecano,2026-03-04,HT:1-0/FT:3-0,Oviedo,-0.75,1.9,1.87,1.65,3.4,4.5,2.5,2.07,1.65,0.974608,2.450965,1.712786,0.738179,0.556452,0.541543,0.496021,3,0,1,0,0.287214,-0.738179,2,1.025392,105.21,1.608103,0.341113,No,No,Yes
Real Madrid,2026-03-02,HT:0-1/FT:0-1,Getafe,-1.25,1.77,2.07,1.27,4.8,9.5,2.5,1.67,2.03,1.954724,2.876795,2.41576,0.461036,0.451351,0.637487,0.539063,0,1,0,0,-2.41576,0.538964,-1,-2.954724,-151.16,3.225295,0.684153,No,Yes,No
Girona,2026-03-01,HT:1-0/FT:1-2,Celta de Vigo,-0.25,2.03,1.77,2.4,3.1,2.6,2.5,1.9,1.77,0.077753,2.602863,1.340308,1.262555,0.517711,0.452326,0.465789,1,2,0,0,-0.340308,0.737445,-1,-1.077753,-1386.12,0.128292,0.027214,No,Yes,No
Real Betis,2026-03-01,HT:2-0/FT:2-2,Sevilla,-0.75,2,1.82,1.7,3.4,4.2,2.5,1.93,1.75,0.878589,2.576058,1.727323,0.848735,0.524457,0.518506,0.47644,2,2,0,0,0.272677,1.151265,0,-0.878589,-100,1.449672,0.307506,No,Yes,No
Valencia,2026-03-01,HT:0-0/FT:1-0,Osasuna,-0.25,2.02,1.8,2.25,2.95,2.95,2.5,2.15,1.6,0.263128,2.386143,1.324635,1.061507,0.573333,0.495145,0.471204,1,0,1,0,-1.324635,-1.061507,0,-0.263128,-100,0.434161,0.092095,No,Yes,No
Elche,2026-03-01,HT:1-1/FT:2-2,Espanyol,0,1.75,2.05,2.3,2.95,2.85,2.5,1.93,1.75,0.208278,2.576058,1.392168,1.18389,0.524457,0.548903,0.539474,2,2,1,0,-0.392168,0.81611,-1,-1.208278,-580.13,0.343659,0.072897,No,Yes,No
Oviedo,2026-02-28,HT:0-0/FT:0-1,Atletico Madrid,0.75,1.91,1.91,4.7,3.3,1.65,2.5,1.93,1.75,-1.016849,2.576058,0.779605,1.796454,0.524457,0.448601,0.5,0,1,0,0,-0.779605,-0.796454,-1,0.016849,-1.66,-0.355897,-1.677801,Yes,No,No
Mallorca,2026-02-28,HT:0-1/FT:0-1,Sociedad,0.25,1.77,2.07,2.7,2.95,2.4,2.5,2,1.7,-0.114414,2.512774,1.19918,1.313594,0.540541,0.539985,0.539063,0,1,0,0,-1.19918,-0.313594,-1,-0.885586,774.02,-0.040045,-0.188783,No,Yes,No
Barcelona,2026-02-28,HT:2-0/FT:4-1,Villarreal,-1.75,1.97,1.85,1.27,5.5,7.5,3.5,1.65,2.07,1.725096,3.948739,2.836917,1.111822,0.443548,0.480256,0.484293,4,1,0,0,1.163083,-0.111822,3,1.274904,73.9,2.846408,0.603784,No,No,Yes
Vallecano,2026-02-28,HT:1-0/FT:1-1,Athletic Bilbao,0,1.75,2.1,2.4,2.85,2.8,2.5,2.25,1.55,0.149742,2.314848,1.232295,1.082553,0.592105,0.536849,0.545455,1,1,0,0,-0.232295,-0.082553,0,-0.149742,-100,0.247074,0.05241,No,Yes,No
Levante,2026-02-27,HT:0-0/FT:2-0,Alaves,0,1.82,2,2.5,2.85,2.7,2.5,2.3,1.53,0.07476,2.283112,1.178936,1.104176,0.600522,0.51852,0.52356,2,0,0,0,0.821064,-1.104176,2,1.92524,2575.23,0.123354,0.026166,Yes,No,No
Alaves,2026-02-23,HT:1-1/FT:2-2,Girona,-0.25,2.07,1.77,2.35,2.7,3.05,2.5,2.35,1.5,0.253269,2.246064,1.249667,0.996397,0.61039,0.491825,0.460938,2,2,0,0,0.750333,1.003603,0,-0.253269,-100,0.417894,0.088644,No,Yes,No
Villarreal ,2026-02-22,HT:2-1/FT:2-1,Valencia,-0.75,1.88,1.93,1.65,3.6,4.2,2.5,1.75,1.93,0.907588,2.774545,1.841067,0.933479,0.475543,0.525555,0.506562,2,1,1,1,-0.841067,-0.933479,1,0.092412,10.18,1.49752,0.317656,No,Yes,No
Celta de Vigo ,2026-02-22,HT:0-0/FT:2-0,Mallorca,-0.75,2.03,1.77,1.77,3.2,4.2,2.5,2.1,1.63,0.839392,2.425723,1.632558,0.793166,0.563003,0.508515,0.465789,2,0,1,0,-0.632558,-0.793166,1,0.160608,19.13,1.384997,0.293787,No,Yes,No
Barcelona ,2026-02-22,HT:2-0/FT:3-0,Levante,-2.75,1.97,1.8,1.07,9.5,12,4.5,2.3,1.53,2.348115,4.145056,3.246585,0.898471,0.600522,0.404341,0.477454,3,0,0,0,-0.246585,-0.898471,3,0.651885,27.76,3.87439,0.82184,No,Yes,No
Getafe ,2026-02-22,HT:0-0/FT:0-1,Sevilla,-0.25,2.02,1.8,2.3,2.75,3.1,1.5,1.58,2.2,0.289956,1.956206,1.123081,0.833125,0.417989,0.499297,0.471204,0,1,0,0,-1.123081,0.166875,-1,-1.289956,-444.88,0.478427,0.101485,No,Yes,No
Atletico Madrid ,2026-02-21,HT:1-1/FT:4-2,Espanyol,-1.25,2.05,1.75,1.4,4,6.5,2.5,1.75,1.93,1.49142,2.774545,2.132982,0.641563,0.475543,0.533998,0.460526,4,2,0,0,1.867018,1.358437,2,0.50858,34.1,2.460843,0.521997,No,Yes,No
Osasuna ,2026-02-21,HT:1-0/FT:2-1,Real Madrid,0.75,1.92,1.85,4.2,3.7,1.63,2.5,1.6,2.15,-0.919434,2.984522,1.032544,1.951978,0.426667,0.471788,0.490716,2,1,1,0,-0.032544,-0.951978,0,0.919434,-100,-0.321802,-1.517066,Yes,No,No
Real Betis ,2026-02-21,HT:1-1/FT:1-1,Vallecano,-0.5,1.87,1.87,1.87,3.2,3.7,2.5,1.83,1.83,0.662878,2.67406,1.668469,1.005591,0.5,0.528967,0.5,1,1,0,0,-0.668469,-0.005591,0,-0.662878,-100,1.093749,0.232007,No,Yes,No
Sociedad ,2026-02-21,HT:0-0/FT:3-3,Oviedo,-1,1.93,1.88,1.5,3.6,6,2.5,1.87,1.8,1.346646,2.635571,1.991109,0.644462,0.509537,0.563847,0.493438,3,3,0,0,1.008891,2.355538,0,-1.346646,-100,2.221966,0.471326,No,Yes,No
Athletic Bilbao ,2026-02-20,HT:0-0/FT:2-1,Elche,-0.75,1.8,1.97,1.6,3.6,4.5,2.5,1.87,1.8,1.004499,2.635571,1.820035,0.815536,0.509537,0.548288,0.522546,2,1,1,1,-0.820035,-0.815536,1,-0.004499,-0.45,1.657423,0.351575,No,Yes,No
Levante ,2026-02-18,HT:0-0/FT:0-1,Villarreal,0.75,1.85,1.87,3.6,3.7,1.75,2.5,1.6,2.15,-0.700688,2.984522,1.141917,1.842605,0.426667,0.520486,0.502688,0,1,0,0,-1.141917,-0.842605,-1,-0.299312,42.72,-0.245241,-1.156135,No,No,Yes
Girona ,2026-02-16,HT:0-0/FT:2-1,Barcelona,1.5,1.9,2.04,6.5,5.2,1.3,3.5,1.77,1.9,-1.563408,3.757158,1.096875,2.660283,0.482289,0.503187,0.517766,2,1,0,0,0.903125,-1.660283,1,2.563408,-163.96,-0.547193,-2.579623,Yes,No,No
Mallorca ,2026-02-15,HT:0-2/FT:1-2,Real Betis,0.25,1.75,2.05,2.75,3,2.35,2.5,1.97,1.72,-0.15269,2.538895,1.193103,1.345793,0.533875,0.530558,0.539474,1,2,0,0,-0.193103,0.654207,-1,-0.84731,554.92,-0.053442,-0.251939,No,Yes,No
Levante ,2026-02-15,HT:0-0/FT:0-2,Valencia,0,1.92,1.85,2.55,3.05,2.5,2.5,1.97,1.72,-0.019236,2.538895,1.25983,1.279066,0.533875,0.495446,0.490716,0,2,0,0,-1.25983,0.720934,-2,-1.980764,10297.17,-0.006733,-0.031739,No,Yes,No
Vallecano ,2026-02-15,HT:2-0/FT:3-0,Atletico Madrid,0.5,1.92,1.85,3.7,3.3,1.85,2.5,2.07,1.65,-0.673323,2.450965,0.888821,1.562144,0.556452,0.468577,0.490716,3,0,0,0,2.111179,-1.562144,3,3.673323,-545.55,-0.235663,-1.110983,Yes,No,No
Oviedo ,2026-02-15,HT:1-0/FT:1-2,Athletic Bilbao,0.25,1.92,1.85,3.4,2.85,2.1,2.5,2.3,1.53,-0.468058,2.283112,0.907527,1.375585,0.600522,0.453917,0.490716,1,2,0,1,0.092473,-0.375585,0,0.468058,-100,-0.16382,-0.772296,Yes,No,No
Real Madrid ,2026-02-14,HT:3-1/FT:4-1,Sociedad,-1.25,1.82,2,1.3,5.2,7,2.5,1.49,2.4,1.635396,3.185046,2.410221,0.774825,0.383033,0.565594,0.52356,4,1,2,1,-0.410221,-0.774825,2,0.364604,22.29,2.698403,0.572389,No,Yes,No
Sevilla ,2026-02-14,HT:1-0/FT:1-1,Alaves,-0.25,1.8,1.97,2.05,2.9,3.4,2.5,2.3,1.53,0.491466,2.283112,1.387289,0.895823,0.600522,0.551954,0.522546,1,1,0,0,-0.387289,0.104177,0,-0.491466,-100,0.810919,0.172013,No,Yes,No
Getafe ,2026-02-14,HT:1-0/FT:2-1,Villarreal,0,2.1,1.72,3.1,2.9,2.2,1.5,1.45,2.5,-0.333137,2.149347,0.908105,1.241242,0.367089,0.415767,0.450262,2,1,1,0,0.091895,-0.241242,0,0.333137,-100,-0.116598,-0.549676,Yes,No,No
Espanyol ,2026-02-14,HT:0-1/FT:2-2,Celta de Vigo,0,1.77,2.03,2.4,3,2.7,2.5,2.1,1.63,0.114414,2.425723,1.270069,1.155655,0.563003,0.527608,0.534211,2,2,0,0,0.729931,0.844345,0,-0.114414,-100,0.188783,0.040045,No,Yes,No
Elche ,2026-02-13,HT:0-0/FT:0-0,Osasuna,0,1.93,1.88,2.65,2.85,2.55,2.5,1.97,1.72,-0.037366,2.538895,1.250765,1.288131,0.533875,0.491155,0.493438,0,0,0,0,-1.250765,-1.288131,0,0.037366,-100,-0.013078,-0.061654,Yes,No,No
Villarreal ,2026-02-09,HT:2-0/FT:4-1,Espanyol,-0.75,1.82,1.95,1.63,3.8,4.1,2.5,1.65,2.07,0.896026,2.910454,1.90324,1.007214,0.443548,0.522975,0.517241,4,1,0,0,2.09676,-0.007214,3,2.103974,234.81,1.478443,0.313609,Yes,No,No
Valencia ,2026-02-08,HT:0-0/FT:0-2,Real Madrid,0.75,2.03,1.77,5,4.1,1.48,2.5,1.5,2.35,-1.182578,3.153888,0.985655,2.168233,0.38961,0.415043,0.465789,0,2,0,0,-0.985655,-0.168233,-2,-0.817422,69.12,-0.413902,-1.951254,No,No,Yes
Atletico Madrid ,2026-02-08,HT:0-1/FT:0-1,Real Betis,-1.25,2.03,1.77,1.42,4.3,5.5,2.5,1.6,2.15,1.315364,2.984522,2.149943,0.834579,0.426667,0.495498,0.465789,0,1,0,0,-2.149943,0.165421,-1,-2.315364,-176.02,2.170351,0.460377,No,Yes,No
Sevilla ,2026-02-08,HT:0-1/FT:1-1,Girona,-0.5,2,1.77,2.03,3.1,3.2,2.5,1.97,1.72,0.442099,2.538895,1.490497,1.048398,0.533875,0.473894,0.469496,1,1,0,0,-0.490497,-0.048398,0,-0.442099,-100,0.729463,0.154735,No,Yes,No
Athletic Bilbao ,2026-02-08,HT:2-0/FT:4-2,Levante,-0.75,1.82,1.95,1.55,3.6,5,2.5,1.9,1.77,1.137687,2.602863,1.870275,0.732588,0.517711,0.579787,0.517241,4,2,0,0,2.129725,1.267412,2,0.862313,75.8,1.877184,0.39819,No,No,Yes
Alaves ,2026-02-08,HT:0-0/FT:0-2,Getafe,-0.25,1.93,1.88,2.2,2.65,3.4,1.5,1.7,2,0.422868,1.81138,1.117124,0.694256,0.459459,0.53498,0.493438,0,2,0,1,-1.117124,0.305744,-1,-1.422868,-336.48,0.697732,0.148004,No,Yes,No
Sociedad ,2026-02-07,HT:2-1/FT:3-1,Elche,-0.75,1.77,2.03,1.58,3.7,4.5,2.5,1.75,1.93,1.016718,2.774545,1.895632,0.878913,0.475543,0.550657,0.534211,3,1,0,0,1.104368,0.121087,2,0.983282,96.71,1.677585,0.355851,No,No,Yes
Barcelona ,2026-02-07,HT:1-0/FT:3-0,Mallorca,-2.25,1.9,1.87,1.15,7,9.5,3.5,1.63,2.1,2.05114,3.981986,3.016563,0.965423,0.436997,0.441756,0.496021,3,0,0,0,-0.016563,-0.965423,3,0.94886,46.26,3.384381,0.717899,No,No,Yes
Celta de Vigo ,2026-02-06,HT:0-1/FT:1-2,Osasuna,-0.25,1.77,2.03,2,2.95,3.6,2.5,2.25,1.55,0.570976,2.314848,1.442912,0.871936,0.592105,0.571567,0.534211,1,2,1,0,-1.442912,1.128064,-2,-2.570976,-450.28,0.94211,0.199842,No,Yes,No
Mallorca ,2026-02-02,HT:1-1/FT:4-1,Sevilla,0,1.75,2.1,2.35,2.95,2.8,2.5,2.15,1.6,0.170193,2.386143,1.278168,1.107975,0.573333,0.54133,0.545455,4,1,1,0,1.721832,-0.107975,2,1.829807,1075.14,0.280818,0.059568,Yes,No,No
Athletic Bilbao ,2026-02-01,HT:0-1/FT:1-1,Sociedad,-0.25,1.88,1.93,2.1,2.95,3.2,2.5,2.1,1.63,0.409167,2.425723,1.417445,1.008278,0.563003,0.531118,0.506562,1,1,0,0,-0.417445,-0.008278,0,-0.409167,-100,0.675126,0.143208,No,Yes,No
Getafe ,2026-02-01,HT:0-0/FT:0-0,Celta de Vigo,0,1.97,1.85,2.7,2.75,2.55,1.5,1.55,2.25,-0.055524,1.993034,0.968755,1.024279,0.407895,0.48544,0.484293,0,0,0,0,-0.968755,-1.024279,0,0.055524,-100,-0.019433,-0.091615,Yes,No,No
Real Betis ,2026-02-01,HT:1-1/FT:2-1,Valencia,-0.5,1.75,2.03,1.75,3.3,3.9,2.5,1.8,1.87,0.778442,2.712927,1.745684,0.967242,0.490463,0.556818,0.537037,2,1,1,0,-0.745684,0.032758,0,-0.778442,-100,1.284429,0.272455,No,Yes,No
Real Madrid ,2026-02-01,HT:1-0/FT:2-1,Vallecano,-1.75,1.97,1.8,1.25,4.8,8,3.5,2.2,1.58,1.803208,3.292432,2.54782,0.744612,0.582011,0.491668,0.477454,2,1,1,0,-1.54782,0.255388,0,-1.803208,-100,2.975293,0.631123,No,Yes,No
Elche ,2026-01-31,HT:1-2/FT:1-3,Barcelona,1.75,1.82,2,7,5.2,1.3,3.5,1.83,1.83,-1.635396,3.672061,1.018332,2.653729,0.5,0.539515,0.52356,1,3,0,0,-0.018332,0.346271,-2,-0.364604,22.29,-0.572389,-2.698403,Yes,No,No
Levante ,2026-01-31,HT:0-0/FT:0-0,Atletico Madrid,0.75,2.02,1.8,5,3.9,1.5,2.5,1.63,2.1,-1.169539,2.938988,0.884724,2.054264,0.436997,0.415912,0.471204,0,0,0,0,-0.884724,-2.054264,0,1.169539,-100,-0.409339,-1.929739,Yes,No,No
Osasuna ,2026-01-31,HT:2-1/FT:2-2,Villarreal,0,2.02,1.8,2.65,3.1,2.35,2.5,1.77,1.9,-0.116708,2.746559,1.314926,1.431634,0.482289,0.473323,0.471204,2,2,0,1,0.685074,-0.431634,1,1.116708,-956.84,-0.040848,-0.192568,Yes,No,No
Oviedo ,2026-01-31,HT:0-0/FT:1-0,Girona,0,1.85,1.97,2.5,2.95,2.6,2.5,2.15,1.6,0.038099,2.386143,1.212121,1.174022,0.573333,0.509263,0.515707,1,0,0,0,-0.212121,-1.174022,1,0.961901,2524.74,0.062863,0.013335,Yes,No,No
Espanyol ,2026-01-30,HT:1-1/FT:1-2,Alaves,-0.5,1.9,1.82,1.9,2.9,3.9,1.5,1.45,2.5,0.698556,2.149347,1.423951,0.725396,0.367089,0.537586,0.489247,1,2,0,0,-0.423951,1.274604,-1,-1.698556,-243.15,1.152617,0.244495,No,Yes,No
Girona,2026-01-26,HT:0-0/FT:1-1,Getafe,-0.25,1.77,2.07,2,2.9,3.6,1.5,1.55,2.25,0.570976,1.993034,1.282005,0.711029,0.407895,0.574406,0.539063,1,1,0,0,-0.282005,0.288971,0,-0.570976,-100,0.94211,0.199842,No,Yes,No
Alaves,2026-01-25,HT:1-0/FT:2-1,Real Betis,0,2.1,1.75,2.8,2.85,2.4,2.5,2.2,1.58,-0.149742,2.353093,1.101675,1.251417,0.582011,0.463408,0.454545,2,1,0,0,0.898325,-0.251417,1,1.149742,-767.82,-0.05241,-0.247074,Yes,No,No
Sociedad,2026-01-25,HT:1-0/FT:3-1,Celta de Vigo,-0.25,1.77,2.03,1.97,3.2,3.3,2.5,2,1.7,0.501135,2.512774,1.506954,1.00582,0.540541,0.553109,0.534211,3,1,1,0,0.493046,-0.00582,1,0.498865,99.55,0.826873,0.175397,No,No,Yes
Barcelona,2026-01-25,HT:0-0/FT:3-0,Oviedo,-2.25,1.8,2.02,1.07,9.5,11,3.5,1.55,2.25,2.263592,4.133173,3.198382,0.93479,0.407895,0.483234,0.528796,3,0,0,0,-0.198382,-0.93479,3,0.736408,32.53,3.734927,0.792257,No,Yes,No
Atletico Madrid,2026-01-25,HT:1-0/FT:3-0,Mallorca,-1.25,1.8,2.02,1.25,5.2,9,2.5,1.6,2.15,1.917622,2.984522,2.451072,0.53345,0.426667,0.62801,0.528796,3,0,0,0,0.548928,-0.53345,3,1.082378,56.44,3.164076,0.671168,No,No,Yes
Villarreal,2026-01-24,HT:0-0/FT:0-2,Real Madrid,0.5,1.8,2.02,3,3.5,1.97,3.5,2.03,1.67,-0.40855,3.444528,1.517989,1.926539,0.548649,0.526223,0.528796,0,2,0,1,-1.517989,-0.926539,-1,-0.59145,144.77,-0.142993,-0.674108,No,No,Yes
Sevilla,2026-01-24,HT:1-1/FT:2-1,Athletic Bilbao,0,2.07,1.77,2.8,2.85,2.4,2.5,2.1,1.63,-0.149742,2.425723,1.137991,1.287733,0.563003,0.463882,0.460938,2,1,1,0,-0.137991,-0.287733,0,0.149742,-100,-0.05241,-0.247074,Yes,No,No
Valencia,2026-01-24,HT:1-0/FT:3-2,Espanyol,-0.25,2,1.82,2.2,3.1,2.9,2.5,2.15,1.6,0.268353,2.386143,1.327248,1.058895,0.573333,0.496434,0.47644,3,2,1,0,0.672752,0.941105,0,-0.268353,-100,0.442782,0.093924,No,Yes,No
Vallecano,2026-01-24,HT:0-1/FT:1-3,Osasuna,-0.25,1.8,2.02,2.05,2.95,3.4,2.5,2.25,1.55,0.491466,2.314848,1.403157,0.911691,0.592105,0.551796,0.528796,1,3,0,0,-0.403157,2.088309,-2,-2.491466,-506.95,0.810919,0.172013,No,Yes,No
Levante,2026-01-23,HT:0-1/FT:3-2,Elche,-0.25,2.07,1.77,2.3,3.1,2.75,2.5,1.9,1.77,0.173581,2.602863,1.388222,1.214641,0.517711,0.474955,0.460938,3,2,0,0,1.611778,0.785359,1,0.826419,476.1,0.286409,0.060753,Yes,No,No
Elche,2026-01-19,HT:1-0/FT:2-2,Sevilla,-0.25,1.97,1.85,2.15,3.1,2.95,2.5,2.03,1.67,0.30729,2.481184,1.394237,1.086947,0.548649,0.506337,0.484293,2,2,0,1,0.605763,-0.086947,1,0.69271,225.43,0.507029,0.107552,Yes,No,No
Sociedad,2026-01-18,HT:1-0/FT:2-1,Barcelona,0.75,2.03,1.77,4.4,4,1.55,3.5,1.97,1.72,-1.01351,3.51279,1.24964,2.26315,0.533875,0.452897,0.465789,2,1,0,0,0.75036,-1.26315,1,2.01351,-198.67,-0.354729,-1.672292,Yes,No,No
Celta de Vigo,2026-01-18,HT:1-0/FT:3-0,Vallecano,-0.5,2,1.77,2.05,2.95,3.4,2.5,2.2,1.58,0.491466,2.353093,1.422279,0.930813,0.582011,0.484288,0.469496,3,0,1,0,0.577721,-0.930813,2,1.508534,306.95,0.810919,0.172013,Yes,No,No
Atletico Madrid,2026-01-18,HT:0-0/FT:1-0,Alaves,-1.25,1.8,2.02,1.25,5,9.5,2.5,1.83,1.83,1.970143,2.67406,2.322102,0.351959,0.5,0.643803,0.528796,1,0,0,0,-1.322102,-0.351959,1,-0.970143,-49.24,3.250736,0.68955,No,Yes,No
Getafe,2026-01-18,HT:0-0/FT:0-1,Valencia,-0.25,2.1,1.75,2.45,2.55,3.1,1.5,1.67,2.03,0.228584,1.83894,1.033762,0.805178,0.451351,0.481389,0.454545,0,1,0,0,-1.033762,0.194822,-1,-1.228584,-537.48,0.377164,0.080004,No,Yes,No
Real Betis,2026-01-17,HT:0-0/FT:2-0,Villarreal,0,1.82,2,2.35,3.3,2.55,2.5,1.6,2.15,0.079342,2.984522,1.531932,1.45259,0.426667,0.517484,0.52356,2,0,0,0,0.468068,-1.45259,2,1.920658,2420.73,0.130914,0.02777,Yes,No,No
Osasuna,2026-01-17,HT:1-1/FT:3-2,Oviedo,-0.75,2.02,1.8,1.7,3.2,4.5,2.5,2.3,1.53,0.945609,2.283112,1.61436,0.668752,0.600522,0.534415,0.471204,3,2,0,0,1.38564,1.331248,1,0.054391,5.75,1.560255,0.330963,No,Yes,No
Mallorca,2026-01-17,HT:2-2/FT:3-2,Athletic Bilbao,0.25,1.88,1.93,3.2,2.8,2.2,2.5,2.35,1.5,-0.363977,2.246064,0.941043,1.305021,0.61039,0.480124,0.506562,3,2,1,0,1.058957,0.694979,0,0.363977,-100,-0.127392,-0.600562,Yes,No,No
Real Madrid,2026-01-17,HT:0-0/FT:2-0,Levante,-2.25,1.85,1.92,1.1,8,11,3.5,1.6,2.15,2.236731,4.034978,3.135854,0.899123,0.426667,0.477463,0.509284,2,0,1,0,-2.135854,-0.899123,1,-1.236731,-55.29,3.690606,0.782856,No,Yes,No
Espanyol,2026-01-16,HT:0-1/FT:0-2,Girona,-0.5,1.93,1.8,1.9,3.1,3.7,2.5,2.07,1.65,0.647418,2.450965,1.549191,0.901774,0.556452,0.524856,0.482574,0,2,0,2,-1.549191,-0.901774,0,-0.647418,-100,1.06824,0.226596,No,Yes,No
Sevilla,2026-01-12,HT:0-0/FT:0-1,Celta de Vigo,0,1.85,1.97,2.45,3.1,2.55,2.5,1.93,1.75,0.038861,2.576058,1.30746,1.268598,0.524457,0.509141,0.515707,0,1,0,1,-1.30746,-1.268598,0,-0.038861,-100,0.064121,0.013601,No,Yes,No
Levante,2026-01-11,HT:0-0/FT:1-1,Espanyol,0.25,1.82,2,2.95,3.05,2.2,2.5,1.97,1.72,-0.284958,2.538895,1.126969,1.411927,0.533875,0.498863,0.52356,1,1,0,0,-0.126969,-0.411927,0,0.284958,-100,-0.099735,-0.470181,Yes,No,No
Vallecano,2026-01-11,HT:2-1/FT:2-1,Mallorca,-0.5,1.87,1.9,1.87,3,4,2.5,2.4,1.49,0.73861,2.221455,1.480032,0.741423,0.616967,0.548341,0.503979,2,1,1,0,-0.480032,0.258577,0,-0.73861,-100,1.218707,0.258514,No,Yes,No
Valencia,2026-01-10,HT:0-0/FT:1-1,Elche,-0.5,2.03,1.75,2.1,2.9,3.3,2.5,2.07,1.65,0.439058,2.450965,1.445012,1.005953,0.556452,0.472078,0.462963,1,1,1,0,-1.445012,-0.005953,-1,-1.439058,-327.76,0.724446,0.15367,No,Yes,No
Girona,2026-01-10,HT:1-0/FT:1-0,Osasuna,0,1.75,2.1,2.25,3,2.9,2.5,2.03,1.67,0.246522,2.481184,1.363853,1.117331,0.548649,0.558786,0.545455,1,0,0,0,-0.363853,-1.117331,1,0.753478,305.64,0.406761,0.086283,Yes,No,No
Villarreal,2026-01-10,HT:0-0/FT:3-1,Alaves,-1,1.82,2,1.45,3.9,5.8,2.5,1.8,1.87,1.346646,2.712927,2.029787,0.68314,0.490463,0.563538,0.52356,3,1,0,0,0.970213,0.31686,2,0.653354,48.52,2.221966,0.471326,No,No,Yes
Oviedo,2026-01-10,HT:0-0/FT:1-1,Real Betis,0.5,1.9,1.87,3.7,3.2,1.87,2.5,1.97,1.72,-0.662878,2.538895,0.938009,1.600887,0.533875,0.471116,0.496021,1,1,0,0,0.061991,-0.600887,0,0.662878,-100,-0.232007,-1.093749,Yes,No,No
Getafe,2026-01-09,HT:0-1/FT:1-2,Sociedad,0.25,1.72,2.15,3.05,2.65,2.4,1.5,1.6,2.15,-0.232818,1.925071,0.846126,1.078945,0.426667,0.516407,0.555556,1,2,0,0,0.153874,0.921055,-1,-0.767182,329.52,-0.081486,-0.38415,No,Yes,No
Sociedad,2026-01-04,HT:0-0/FT:1-1,Atletico Madrid,0.5,1.82,1.95,3.4,3.3,1.95,2.5,1.97,1.72,-0.540046,2.538895,0.999425,1.539471,0.533875,0.501735,0.517241,1,1,0,0,0.000575,-0.539471,0,0.540046,-100,-0.189016,-0.891076,Yes,No,No
Alaves,2026-01-04,HT:0-0/FT:1-1,Oviedo,-0.5,1.8,1.97,1.8,3,4.5,1.5,1.55,2.25,0.890085,1.993034,1.441559,0.551474,0.407895,0.590478,0.522546,1,1,0,0,-0.441559,0.448526,0,-0.890085,-100,1.46864,0.31153,No,Yes,No
Mallorca,2026-01-04,HT:0-1/FT:1-2,Girona,-0.25,1.91,1.91,2.1,3.05,3.1,2.5,2.15,1.6,0.378326,2.386143,1.382234,1.003908,0.573333,0.523566,0.5,1,2,1,1,-1.382234,-0.003908,-1,-1.378326,-364.32,0.624238,0.132414,No,Yes,No
Real Madrid,2026-01-04,HT:1-0/FT:5-1,Real Betis,-1.25,1.85,1.97,1.3,5.2,7,3.5,1.87,1.8,1.635396,3.626791,2.631094,0.995697,0.509537,0.563963,0.515707,5,1,0,0,2.368906,0.004303,4,2.364604,144.59,2.698403,0.572389,No,No,Yes
Sevilla,2026-01-04,HT:0-1/FT:0-3,Levante,-0.75,2,1.82,1.7,3.5,4,2.5,1.77,1.9,0.831194,2.746559,1.788877,0.957683,0.482289,0.50787,0.47644,0,3,0,0,-1.788877,2.042317,-3,-3.831194,-460.93,1.37147,0.290918,No,Yes,No
Espanyol,2026-01-03,HT:0-0/FT:0-2,Barcelona,1,2,1.8,5.2,4.2,1.45,3.5,1.93,1.75,-1.24057,3.556663,1.158046,2.398617,0.524457,0.461643,0.473684,0,2,0,0,-1.158046,-0.398617,-2,-0.75943,61.22,-0.4342,-2.046941,No,No,Yes
Elche,2026-01-03,HT:1-2/FT:1-3,Villarreal,0.25,1.93,1.88,3,3.3,2.05,2.5,1.72,1.97,-0.369882,2.813994,1.222056,1.591938,0.466125,0.478579,0.493438,1,3,0,0,-0.222056,1.408062,-2,-1.630118,440.71,-0.129459,-0.610305,No,Yes,No
Osasuna,2026-01-03,HT:1-0/FT:1-1,Athletic Bilbao,0,2.1,1.72,2.95,2.65,2.45,2.5,2.35,1.5,-0.180406,2.246064,1.032829,1.213235,0.61039,0.455055,0.450262,1,1,0,0,-0.032829,-0.213235,0,0.180406,-100,-0.063142,-0.29767,Yes,No,No
Celta de Vigo,2026-01-03,HT:1-0/FT:4-1,Valencia,-0.5,1.95,1.8,1.95,3.1,3.5,2.5,2,1.7,0.568204,2.512774,1.540489,0.972285,0.540541,0.505136,0.48,4,1,1,0,1.459511,0.027715,2,1.431796,251.99,0.937537,0.198871,Yes,No,No
Vallecano,2026-01-02,HT:1-0/FT:1-1,Getafe,-0.25,1.8,2.02,2.05,2.75,3.7,1.5,1.65,2.07,0.573605,1.865794,1.219699,0.646094,0.443548,0.576227,0.528796,1,1,0,0,-0.219699,0.353906,0,-0.573605,-100,0.946448,0.200762,No,Yes,No
Athletic Bilbao,2025-12-22,HT:1-1/FT:1-2,Espanyol,-0.5,1.77,2.03,1.7,3.2,4.5,2.5,2.25,1.55,0.945609,2.314848,1.630228,0.68462,0.592105,0.601756,0.534211,1,2,0,0,-0.630228,1.31538,-1,-1.945609,-205.75,1.560255,0.330963,No,Yes,No
Real Betis,2025-12-21,HT:1-0/FT:4-0,Getafe,-0.75,1.9,1.87,1.65,3.3,4.8,1.5,1.47,2.45,1.0373,2.118031,1.577666,0.540365,0.375,0.557932,0.496021,4,0,0,0,2.422334,-0.540365,4,2.9627,285.62,1.711545,0.363055,Yes,No,No
Elche,2025-12-21,HT:1-0/FT:4-0,Vallecano,0,1.72,2.1,2.35,2.85,2.9,1.5,1.45,2.5,0.204281,2.149347,1.176814,0.972533,0.367089,0.551821,0.549738,4,0,0,0,2.823186,-0.972533,4,3.795719,1858.09,0.337064,0.071498,Yes,No,No
Villarreal,2025-12-21,HT:0-1/FT:0-2,Barcelona,0.75,1.8,1.97,3.1,4.2,1.8,3.5,1.67,2.03,-0.528068,3.909482,1.690707,2.218775,0.451351,0.549592,0.522546,0,2,0,1,-1.690707,-1.218775,-1,-0.471932,89.37,-0.184824,-0.871312,No,No,Yes
Girona,2025-12-21,HT:0-2/FT:0-3,Atletico Madrid,0.75,1.92,1.85,4.1,3.8,1.63,2.5,1.65,2.07,-0.896026,2.910454,1.007214,1.90324,0.443548,0.477025,0.490716,0,3,0,0,-1.007214,1.09676,-3,-2.103974,234.81,-0.313609,-1.478443,No,Yes,No
Real Madrid,2025-12-20,HT:1-0/FT:2-0,Sevilla,-2,1.91,1.91,1.15,6.5,10,3.5,1.8,1.87,2.100966,3.717709,2.909338,0.808371,0.490463,0.501073,0.5,2,0,1,0,-1.909338,-0.808371,1,-1.100966,-52.4,3.466594,0.735338,No,Yes,No
Osasuna,2025-12-20,HT:0-0/FT:3-0,Alaves,-0.25,1.93,1.88,2.2,2.8,3.2,1.5,1.45,2.5,0.363977,2.149347,1.256662,0.892685,0.367089,0.519713,0.493438,3,0,1,0,0.743338,-0.892685,2,1.636023,449.49,0.600562,0.127392,Yes,No,No
Levante,2025-12-20,HT:0-1/FT:1-1,Sociedad,0.25,1.93,1.88,3.05,3.2,2.05,2.5,1.83,1.83,-0.385939,2.67406,1.144061,1.53,0.5,0.474744,0.493438,1,1,1,0,-1.144061,-0.53,-1,-0.614061,159.11,-0.135079,-0.636799,No,No,Yes
Oviedo,2025-12-20,HT:0-0/FT:0-0,Celta de Vigo,0.25,1.97,1.8,3.5,3.1,1.95,2.5,2.15,1.6,-0.568204,2.386143,0.908969,1.477174,0.573333,0.429735,0.477454,0,0,0,0,-0.908969,-1.477174,0,0.568204,-100,-0.198871,-0.937537,Yes,No,No
Valencia,2025-12-19,HT:0-1/FT:1-1,Mallorca,-0.5,1.95,1.8,1.95,3.1,3.5,2.5,2.25,1.55,0.568204,2.314848,1.441526,0.873322,0.592105,0.503828,0.48,1,1,0,0,-0.441526,0.126678,0,-0.568204,-100,0.937537,0.198871,No,Yes,No
Vallecano,2025-12-15,HT:0-0/FT:0-0,Real Betis,0,1.85,1.97,2.4,3.1,2.6,2.5,1.9,1.77,0.077753,2.602863,1.340308,1.262555,0.517711,0.518203,0.515707,0,0,0,0,-1.340308,-1.262555,0,-0.077753,-100,0.128292,0.027214,No,Yes,No
Alaves,2025-12-14,HT:0-1/FT:1-2,Real Madrid,1,1.8,2.02,4.8,3.7,1.55,2.5,1.65,2.07,-1.098033,2.910454,0.906211,2.004243,0.443548,0.492425,0.528796,1,2,0,0,0.093789,-0.004243,-1,0.098033,-8.93,-0.384312,-1.811754,Yes,No,No
Celta de Vigo,2025-12-14,HT:0-0/FT:2-0,Athletic Bilbao,0,1.85,1.97,2.45,3,2.6,2.5,2.1,1.63,0.057724,2.425723,1.241724,1.184,0.563003,0.513935,0.515707,2,0,0,0,0.758276,-1.184,2,1.942276,3364.76,0.095245,0.020203,Yes,No,No
Sevilla,2025-12-14,HT:2-0/FT:4-0,Oviedo,-0.5,1.75,2.1,1.75,3.2,4.2,2.5,2.1,1.63,0.85043,2.425723,1.638077,0.787647,0.563003,0.576378,0.545455,4,0,0,0,2.361923,-0.787647,4,3.14957,370.35,1.40321,0.297651,Yes,No,No
Getafe,2025-12-13,HT:0-0/FT:0-1,Espanyol,0,1.72,2.15,2.45,2.65,2.95,1.5,1.55,2.25,0.180406,1.993034,1.08672,0.906314,0.407895,0.547238,0.555556,0,1,0,0,-1.08672,0.093686,-1,-1.180406,-654.31,0.29767,0.063142,No,Yes,No
Barcelona,2025-12-13,HT:0-0/FT:2-0,Osasuna,-2.25,2.02,1.8,1.18,6,10,3.5,1.63,2.1,2.07595,3.981986,3.028968,0.953018,0.436997,0.446447,0.471204,2,0,0,0,-1.028968,-0.953018,2,-0.07595,-3.66,3.425318,0.726583,No,Yes,No
Mallorca,2025-12-13,HT:1-1/FT:3-1,Elche,0,1.75,2.1,2.35,2.85,2.9,2.5,2.3,1.53,0.204281,2.283112,1.243696,1.039415,0.600522,0.550521,0.545455,3,1,0,0,1.756304,-0.039415,2,1.795719,879.04,0.337064,0.071498,Yes,No,No
Atletico Madrid,2025-12-13,HT:1-0/FT:2-1,Valencia,-1.5,1.9,2,1.28,4.4,10,2.5,1.7,2,1.996931,2.842183,2.419557,0.422626,0.459459,0.590588,0.512821,2,1,0,0,-0.419557,0.577374,1,-0.996931,-49.92,3.294936,0.698926,No,Yes,No
Sociedad,2025-12-12,HT:1-0/FT:1-2,Girona,-0.5,1.77,2.03,1.65,3.6,4.2,2.5,1.75,1.93,0.907588,2.774545,1.841067,0.933479,0.475543,0.587107,0.534211,1,2,0,0,-0.841067,1.066521,-1,-1.907588,-210.18,1.49752,0.317656,No,Yes,No
Osasuna,2025-12-08,HT:2-0/FT:2-0,Levante,-0.75,2,1.82,1.7,3.4,4.2,2.5,1.93,1.75,0.878589,2.576058,1.727323,0.848735,0.524457,0.518506,0.47644,2,0,0,0,0.272677,-0.848735,2,1.121411,127.64,1.449672,0.307506,No,No,Yes
Real Madrid,2025-12-07,HT:0-0/FT:0-2,Celta de Vigo,-1.75,2,1.82,1.3,5,7.5,3.5,1.87,1.8,1.702416,3.626791,2.664603,0.962187,0.509537,0.473491,0.47644,0,2,0,0,-2.664603,1.037813,-2,-3.702416,-217.48,2.808986,0.595846,No,Yes,No
Espanyol,2025-12-07,HT:1-0/FT:1-0,Vallecano,-0.25,1.93,1.88,2.15,3.2,2.9,2.5,2.25,1.55,0.290685,2.314848,1.302766,1.012082,0.592105,0.501632,0.493438,1,0,1,0,-1.302766,-1.012082,0,-0.290685,-100,0.47963,0.10174,No,Yes,No
Valencia,2025-12-07,HT:0-0/FT:1-1,Sevilla,-0.5,2,1.82,2.05,3.2,3.1,2.5,2,1.7,0.401734,2.512774,1.457254,1.05552,0.540541,0.463528,0.47644,1,1,0,0,-0.457254,-0.05552,0,-0.401734,-100,0.662861,0.140607,No,Yes,No
Elche,2025-12-07,HT:1-0/FT:3-0,Girona,-0.25,1.85,1.97,2.05,3.2,3.1,2.5,1.8,1.87,0.401734,2.712927,1.557331,1.155596,0.490463,0.528892,0.515707,3,0,0,0,1.442669,-1.155596,3,2.598266,646.76,0.662861,0.140607,Yes,No,No
Athletic Bilbao,2025-12-06,HT:0-0/FT:1-0,Atletico Madrid,0,2.1,1.75,3.2,3.1,2.05,2.5,2.15,1.6,-0.432575,2.386143,0.976784,1.409359,0.573333,0.395692,0.454545,1,0,0,0,0.023216,-1.409359,1,1.432575,-331.17,-0.151401,-0.713749,Yes,No,No
Real Betis,2025-12-06,HT:1-4/FT:3-5,Barcelona,0.5,1.93,1.88,3.7,3.9,1.67,3.5,1.83,1.83,-0.772758,3.672061,1.449652,2.222409,0.5,0.449234,0.493438,3,5,1,1,0.550348,1.777591,-2,-1.227242,158.81,-0.270465,-1.275051,No,No,Yes
Alaves,2025-12-06,HT:1-0/FT:1-0,Sociedad,0,1.88,1.93,2.55,2.8,2.65,1.5,1.45,2.5,0.037366,2.149347,1.093357,1.055991,0.367089,0.509497,0.506562,1,0,1,0,-1.093357,-1.055991,0,-0.037366,-100,0.061654,0.013078,No,Yes,No
Villarreal,2025-12-06,HT:1-0/FT:2-0,Getafe,-0.75,1.8,2.02,1.53,3.7,5.2,2.5,2.07,1.65,1.188402,2.450965,1.819683,0.631282,0.556452,0.593277,0.528796,2,0,0,0,0.180317,-0.631282,2,0.811598,68.29,1.960863,0.415941,No,No,Yes
Oviedo,2025-12-05,HT:0-0/FT:0-0,Mallorca,0,1.88,1.93,2.55,2.85,2.65,2.5,2.35,1.5,0.037366,2.246064,1.141715,1.104349,0.61039,0.509323,0.506562,0,0,0,0,-1.141715,-1.104349,0,-0.037366,-100,0.061654,0.013078,No,Yes,No
Athletic Bilbao,2025-12-03,HT:0-2/FT:0-3,Real Madrid,0.5,2,1.77,3.9,3.7,1.67,2.5,1.67,2.03,-0.823896,2.876795,1.02645,1.850346,0.451351,0.433396,0.469496,0,3,0,0,-1.02645,1.149654,-3,-2.176104,264.12,-0.288364,-1.359428,No,Yes,No
Barcelona,2025-12-02,HT:1-1/FT:3-1,Atletico Madrid,-0.75,1.95,1.8,1.75,3.8,3.5,3.5,1.97,1.72,0.673323,3.51279,2.093057,1.419733,0.533875,0.476875,0.48,3,1,0,0,0.906943,-0.419733,2,1.326677,197.03,1.110983,0.235663,Yes,No,No
Vallecano,2025-12-01,HT:1-0/FT:1-1,Valencia,-0.25,1.75,2.05,1.85,3.2,3.8,2.5,2,1.7,0.699229,2.512774,1.606001,0.906773,0.540541,0.600372,0.539474,1,1,0,0,-0.606001,0.093227,0,-0.699229,-100,1.153728,0.24473,No,Yes,No
Girona,2025-11-30,HT:1-0/FT:1-1,Real Madrid,1.25,2.02,1.8,6.5,5,1.3,3.5,1.93,1.75,-1.563408,3.556663,0.996628,2.560036,0.524457,0.450461,0.471204,1,1,0,1,0.003372,-2.560036,1,2.563408,-163.96,-0.547193,-2.579623,Yes,No,No
Celta de Vigo,2025-11-30,HT:0-0/FT:0-1,Espanyol,-0.5,2,1.77,2,3.1,3.4,2.5,1.87,1.8,0.515452,2.635571,1.575512,1.060059,0.509537,0.492867,0.469496,0,1,0,0,-1.575512,-0.060059,-1,-1.515452,-294,0.850496,0.180408,No,Yes,No
Sevilla,2025-11-30,HT:0-0/FT:0-2,Real Betis,0,2.05,1.75,2.8,3.2,2.2,2.5,1.9,1.77,-0.234265,2.602863,1.184299,1.418564,0.517711,0.44527,0.460526,0,2,0,0,-1.184299,0.581436,-2,-1.765735,753.73,-0.081993,-0.386537,No,Yes,No
Sociedad,2025-11-30,HT:0-1/FT:2-3,Villarreal,0,1.93,1.88,2.5,3.2,2.45,2.5,1.8,1.87,-0.019625,2.712927,1.346651,1.366276,0.490463,0.495487,0.493438,2,3,0,0,0.653349,1.633724,-1,-0.980375,4995.54,-0.006869,-0.032381,No,Yes,No
Atletico Madrid,2025-11-29,HT:2-0/FT:2-0,Oviedo,-1.75,1.85,1.97,1.2,5.2,12,2.5,1.6,2.15,2.236731,2.984522,2.610627,0.373896,0.426667,0.584718,0.515707,2,0,0,0,-0.610627,-0.373896,2,-0.236731,-10.58,3.690606,0.782856,No,Yes,No
Levante,2025-11-29,HT:0-2/FT:0-2,Athletic Bilbao,0.5,1.77,2,3,3.1,2.15,2.5,2,1.7,-0.323617,2.512774,1.094579,1.418195,0.540541,0.555878,0.530504,0,2,0,0,-1.094579,0.581805,-2,-1.676383,518.01,-0.113266,-0.533968,No,Yes,No
Barcelona,2025-11-29,HT:2-1/FT:3-1,Alaves,-1.75,1.77,2.03,1.18,6,10,3.5,1.9,1.77,2.07595,3.588268,2.832109,0.756159,0.517711,0.549028,0.534211,3,1,0,0,0.167891,0.243841,2,-0.07595,-3.66,3.425318,0.726583,No,Yes,No
Mallorca,2025-11-29,HT:0-0/FT:2-2,Osasuna,-0.25,1.97,1.85,2.2,2.9,3.1,2.5,2.35,1.5,0.333137,2.246064,1.2896,0.956464,0.61039,0.51206,0.484293,2,2,1,0,-0.2896,1.043536,-1,-1.333137,-400.18,0.549676,0.116598,No,Yes,No
Getafe,2025-11-28,HT:0-0/FT:1-0,Elche,-0.25,1.88,1.93,2.15,2.75,3.4,1.5,1.53,2.3,0.4452,2.024265,1.234733,0.789533,0.399478,0.540935,0.506562,1,0,0,0,-0.234733,-0.789533,1,0.5548,124.62,0.73458,0.15582,No,No,Yes
Espanyol,2025-11-24,HT:0-0/FT:2-1,Sevilla,-0.5,2.03,1.75,2.05,3.05,3.2,2.5,1.97,1.72,0.432575,2.538895,1.485735,1.05316,0.533875,0.471529,0.462963,2,1,0,0,0.514265,-0.05316,1,0.567425,131.17,0.713749,0.151401,No,No,Yes
Elche,2025-11-23,HT:0-0/FT:2-2,Real Madrid,1.25,1.97,1.8,7.5,4.8,1.3,3.5,2.25,1.55,-1.702416,3.246856,0.77222,2.474636,0.592105,0.420402,0.477454,2,2,0,0,1.22778,-0.474636,0,1.702416,-100,-0.595846,-2.808986,Yes,No,No
Getafe,2025-11-23,HT:0-0/FT:0-1,Atletico Madrid,0.5,2.07,1.77,4.5,3.2,1.7,1.5,1.45,2.5,-0.945609,2.149347,0.601869,1.547478,0.367089,0.396144,0.460938,0,1,0,0,-0.601869,-0.547478,-1,-0.054391,5.75,-0.330963,-1.560255,Yes,No,No
Real Betis,2025-11-23,HT:0-1/FT:1-1,Girona,-1,1.85,1.97,1.48,4.1,5,3.5,2.35,1.5,1.182578,3.164685,2.173632,0.991053,0.61039,0.526545,0.515707,1,1,0,0,-1.173632,0.008947,0,-1.182578,-100,1.951254,0.413902,No,Yes,No
Oviedo,2025-11-23,HT:0-0/FT:0-0,Vallecano,0.25,1.91,1.91,3.05,3.05,2.15,2.5,2.2,1.58,-0.339673,2.353093,1.00671,1.346383,0.582011,0.486035,0.5,0,0,0,0,-1.00671,-1.346383,0,0.339673,-100,-0.118886,-0.56046,Yes,No,No
Villarreal,2025-11-22,HT:1-1/FT:2-1,Mallorca,-1.25,2,1.82,1.4,4.3,6,2.5,1.58,2.2,1.413666,3.023304,2.218485,0.804819,0.417989,0.517376,0.47644,2,1,0,0,-0.218485,0.195181,1,-0.413666,-29.26,2.332549,0.494783,No,Yes,No
Osasuna,2025-11-22,HT:1-0/FT:1-3,Sociedad,0,1.88,1.93,2.55,2.9,2.6,2.5,2.2,1.58,0.018863,2.353093,1.185978,1.167115,0.582011,0.504614,0.506562,1,3,0,0,-0.185978,1.832885,-2,-2.018863,-10702.77,0.031124,0.006602,No,Yes,No
Barcelona,2025-11-22,HT:2-0/FT:4-0,Athletic Bilbao,-1.25,1.97,1.85,1.4,4.4,6,3.5,2.35,1.5,1.413666,3.164685,2.289176,0.875509,0.61039,0.517886,0.484293,4,0,0,0,1.710824,-0.875509,4,2.586334,182.95,2.332549,0.494783,Yes,No,No
Alaves,2025-11-22,HT:0-0/FT:0-1,Celta de Vigo,0,1.75,2.1,2.4,2.8,2.85,2.5,2.3,1.53,0.166935,2.283112,1.225024,1.058088,0.600522,0.541311,0.545455,0,1,0,1,-1.225024,-1.058088,0,-0.166935,-100,0.275443,0.058427,No,Yes,No
Valencia,2025-11-21,HT:0-0/FT:1-0,Levante,-0.5,2,1.8,2,3.2,3.2,2.5,1.83,1.83,0.456562,2.67406,1.565311,1.108749,0.5,0.478844,0.473684,1,0,0,0,-0.565311,-1.108749,1,0.543438,119.03,0.753327,0.159797,No,No,Yes
Celta de Vigo,2025-11-09,HT:2-3/FT:2-4,Barcelona,0.75,1.97,1.85,4.3,3.9,1.58,3.5,2,1.7,-0.972556,3.481913,1.254679,2.227235,0.540541,0.461256,0.484293,2,4,0,1,0.745321,0.772765,-1,-0.027444,2.82,-0.340395,-1.604717,Yes,No,No
Valencia,2025-11-09,HT:0-0/FT:1-1,Real Betis,0.25,1.85,1.97,2.9,3.2,2.15,2.5,1.8,1.87,-0.290685,2.712927,1.211121,1.501806,0.490463,0.496971,0.515707,1,1,0,0,-0.211121,-0.501806,0,0.290685,-100,-0.10174,-0.47963,Yes,No,No
Mallorca,2025-11-09,HT:1-0/FT:1-0,Getafe,0,1.72,2.15,2.4,2.7,3,1.5,1.58,2.2,0.216762,1.956206,1.086484,0.869722,0.417989,0.557151,0.555556,1,0,0,0,-0.086484,-0.869722,1,0.783238,361.34,0.357657,0.075867,Yes,No,No
Vallecano,2025-11-09,HT:0-0/FT:0-0,Real Madrid,1,2.05,1.75,5.2,4.5,1.42,3.5,2.35,1.5,-1.260879,3.164685,0.951903,2.212782,0.61039,0.45671,0.460526,0,0,0,0,-0.951903,-2.212782,0,1.260879,-100,-0.441308,-2.08045,Yes,No,No
Athletic Bilbao,2025-11-09,HT:1-0/FT:1-0,Oviedo,-0.75,1.77,2.07,1.42,3.8,7,2.5,2.15,1.6,1.549629,2.386143,1.967886,0.418257,0.573333,0.679963,0.539063,1,0,0,0,-0.967886,-0.418257,1,-0.549629,-35.47,2.556888,0.54237,No,Yes,No
Espanyol,2025-11-08,HT:0-1/FT:0-2,Villarreal,0,2.07,1.77,2.65,3.2,2.3,2.5,1.72,1.97,-0.137599,2.813994,1.338197,1.475796,0.466125,0.468889,0.460938,0,2,0,0,-1.338197,0.524204,-2,-1.862401,1353.5,-0.04816,-0.227038,No,Yes,No
Atletico Madrid,2025-11-08,HT:1-1/FT:3-1,Levante,-2,2,1.8,1.2,6,9.5,3.5,2.1,1.63,2.009798,3.378776,2.694287,0.684489,0.563003,0.48049,0.473684,3,1,0,0,0.305713,0.315511,2,-0.009798,-0.49,3.316167,0.703429,No,Yes,No
Sevilla,2025-11-08,HT:0-0/FT:1-0,Osasuna,-0.25,1.85,1.97,2.05,3.1,3.2,2.5,2.1,1.63,0.432575,2.425723,1.429149,0.996574,0.563003,0.536845,0.515707,1,0,1,0,-1.429149,-0.996574,0,-0.432575,-100,0.713749,0.151401,No,Yes,No
Girona,2025-11-08,HT:1-0/FT:1-0,Alaves,-0.25,2.07,1.77,2.35,3,2.75,2.5,2.15,1.6,0.15269,2.386143,1.269416,1.116726,0.573333,0.467951,0.460938,1,0,0,0,-0.269416,-1.116726,1,0.84731,554.92,0.251939,0.053442,Yes,No,No
Elche,2025-11-07,HT:0-0/FT:1-1,Sociedad,0,1.93,1.88,2.55,3,2.5,2.5,2.1,1.63,-0.019236,2.425723,1.203244,1.22248,0.563003,0.495356,0.493438,1,1,0,1,-0.203244,-1.22248,1,1.019236,-5298.59,-0.006733,-0.031739,Yes,No,No
Oviedo,2025-11-03,HT:0-0/FT:0-0,Osasuna,0.25,1.75,2.1,2.85,2.8,2.4,2.5,2.45,1.47,-0.166935,2.191477,1.012271,1.179206,0.625,0.53063,0.545455,0,0,0,0,-1.012271,-1.179206,0,0.166935,-100,-0.058427,-0.275443,Yes,No,No
Real Betis,2025-11-02,HT:3-0/FT:3-0,Mallorca,-1,2,1.82,1.53,3.8,5,2.5,1.8,1.87,1.150303,2.712927,1.931615,0.781312,0.490463,0.518657,0.47644,3,0,0,0,1.068385,-0.781312,3,1.849697,160.8,1.898,0.402606,No,No,Yes
Barcelona,2025-11-02,HT:2-1/FT:3-1,Elche,-2,1.91,1.91,1.2,5.2,11,3.5,1.77,1.9,2.152208,3.757158,2.954683,0.802475,0.482289,0.511343,0.5,3,1,0,0,0.045317,0.197525,2,-0.152208,-7.07,3.551143,0.753273,No,Yes,No
Alaves,2025-11-02,HT:2-0/FT:2-1,Espanyol,-0.25,2.07,1.77,2.3,2.85,2.95,2.5,2.35,1.5,0.241778,2.246064,1.243921,1.002143,0.61039,0.488915,0.460938,2,1,0,0,0.756079,-0.002143,1,0.758222,313.6,0.398934,0.084622,Yes,No,No
Levante,2025-11-02,HT:0-1/FT:1-2,Celta de Vigo,0.25,1.77,2.07,2.7,3.1,2.3,2.5,1.72,1.97,-0.155757,2.813994,1.329118,1.484875,0.466125,0.527596,0.539063,1,2,0,0,-0.329118,0.515125,-1,-0.844243,542.03,-0.054515,-0.256999,No,Yes,No
Real Madrid,2025-11-01,HT:3-0/FT:4-0,Valencia,-2.25,2.02,1.8,1.15,6.5,10,3.5,1.93,1.75,2.100966,3.556663,2.828815,0.727848,0.524457,0.446315,0.471204,4,0,1,0,0.171185,-0.727848,3,0.899034,42.79,3.466594,0.735338,No,No,Yes
Sociedad,2025-11-01,HT:1-1/FT:3-2,Athletic Bilbao,0,1.88,1.93,2.55,2.8,2.65,1.5,1.45,2.5,0.037366,2.149347,1.093357,1.055991,0.367089,0.509497,0.506562,3,2,0,0,1.906643,0.944009,1,0.962634,2576.23,0.061654,0.013078,Yes,No,No
Atletico Madrid,2025-11-01,HT:0-0/FT:3-0,Sevilla,-1.25,1.8,2.02,1.28,5,8,2.5,1.53,2.3,1.78017,3.107797,2.443983,0.663814,0.399478,0.59712,0.528796,3,0,1,0,-0.443983,-0.663814,2,0.21983,12.35,2.937281,0.62306,No,Yes,No
Villarreal,2025-11-01,HT:1-0/FT:4-0,Vallecano,-0.75,1.87,1.9,1.65,3.6,4.2,2.5,1.65,2.07,0.907588,2.910454,1.909021,1.001433,0.443548,0.52558,0.503979,4,0,0,0,2.090979,-1.001433,4,3.092412,340.73,1.49752,0.317656,Yes,No,No
Getafe,2025-10-31,HT:0-0/FT:2-1,Girona,-0.25,1.77,2.03,2.05,2.8,3.6,1.5,1.47,2.45,0.54699,2.118031,1.33251,0.785521,0.375,0.567113,0.534211,2,1,0,1,0.66749,-0.785521,2,1.45301,265.64,0.902534,0.191447,Yes,No,No
Real Betis,2025-10-27,HT:0-2/FT:0-2,Atletico Madrid,0.25,1.91,1.91,2.9,3.4,2.05,2.5,1.75,1.93,-0.33695,2.774545,1.218797,1.555748,0.475543,0.486147,0.5,0,2,0,0,-1.218797,0.444252,-2,-1.66305,493.56,-0.117933,-0.555968,No,Yes,No
Vallecano,2025-10-26,HT:0-0/FT:1-0,Alaves,-0.25,1.77,2.07,2,2.9,3.6,1.5,1.47,2.45,0.570976,2.118031,1.344503,0.773527,0.375,0.573304,0.539063,1,0,0,0,-0.344503,-0.773527,1,0.429024,75.14,0.94211,0.199842,No,No,Yes
Osasuna,2025-10-26,HT:2-1/FT:2-3,Celta de Vigo,-0.25,2,1.82,2.25,3,2.9,2.5,2.07,1.65,0.246522,2.450965,1.348744,1.102221,0.556452,0.491436,0.47644,2,3,1,0,-0.348744,1.897779,-2,-2.246522,-911.29,0.406761,0.086283,No,Yes,No
Real Madrid,2025-10-26,HT:2-1/FT:2-1,Barcelona,-0.5,1.95,1.8,1.95,3.7,2.95,3.5,1.77,1.9,0.402136,3.757158,2.079647,1.677511,0.482289,0.474247,0.48,2,1,0,0,-0.079647,-0.677511,1,0.597864,148.67,0.663524,0.140748,No,No,Yes
Mallorca,2025-10-26,HT:0-1/FT:1-1,Levante,-0.5,1.97,1.77,1.97,3.1,3.4,2.5,2.1,1.63,0.530134,2.425723,1.477929,0.947795,0.563003,0.494911,0.473262,1,1,0,0,-0.477929,0.052205,0,-0.530134,-100,0.874721,0.185547,No,Yes,No
Valencia,2025-10-25,HT:0-1/FT:0-2,Villarreal,0.5,1.85,1.97,2.95,3.2,2.1,2.5,1.77,1.9,-0.330148,2.746559,1.208206,1.538353,0.482289,0.550656,0.515707,0,2,0,1,-1.208206,-0.538353,-1,-0.669852,202.89,-0.115552,-0.544744,No,Yes,No
Athletic Bilbao,2025-10-25,HT:0-0/FT:0-1,Getafe,-0.75,1.82,2,1.58,3.4,5.2,1.5,1.5,2.35,1.157164,2.061519,1.609342,0.452177,0.38961,0.589351,0.52356,0,1,0,0,-1.609342,0.547823,-1,-2.157164,-186.42,1.909321,0.405007,No,Yes,No
Espanyol,2025-10-25,HT:0-0/FT:1-0,Elche,-0.5,1.95,1.8,1.95,3.2,3.4,2.5,2,1.7,0.540046,2.512774,1.52641,0.986364,0.540541,0.498084,0.48,1,0,0,0,-0.52641,-0.986364,1,0.459954,85.17,0.891076,0.189016,No,No,Yes
Girona,2025-10-25,HT:0-1/FT:3-3,Oviedo,-0.75,2.02,1.8,1.75,3.3,4.1,2.5,1.97,1.72,0.827022,2.538895,1.682959,0.855937,0.533875,0.50606,0.471204,3,3,2,1,-0.682959,1.144063,-1,-1.827022,-220.92,1.364586,0.289458,No,Yes,No
Sociedad,2025-10-24,HT:2-1/FT:2-1,Sevilla,-0.5,1.95,1.8,1.95,3.1,3.5,2.5,1.97,1.72,0.568204,2.538895,1.55355,0.985345,0.533875,0.505282,0.48,2,1,1,0,-0.55355,0.014655,0,-0.568204,-100,0.937537,0.198871,No,Yes,No
Alaves,2025-10-20,HT:0-0/FT:0-0,Valencia,-0.25,1.95,1.82,2.2,2.85,3.1,2.5,2.35,1.5,0.333137,2.246064,1.2896,0.956464,0.61039,0.51206,0.482759,0,0,0,0,-1.2896,-0.956464,0,-0.333137,-100,0.549676,0.116598,No,Yes,No
Getafe,2025-10-19,HT:0-0/FT:0-1,Real Madrid,1.25,1.85,1.97,6.5,4.2,1.37,2.5,1.93,1.75,-1.512461,2.576058,0.531798,2.04426,0.524457,0.461652,0.515707,0,1,0,0,-0.531798,-1.04426,-1,0.512461,-33.88,-0.529361,-2.495561,Yes,No,No
Levante,2025-10-19,HT:0-2/FT:0-3,Vallecano,0,1.95,1.82,2.55,3.2,2.4,2.5,1.93,1.75,-0.058891,2.576058,1.258584,1.317474,0.524457,0.486149,0.482759,0,3,0,0,-1.258584,1.682526,-3,-2.941109,4994.16,-0.020612,-0.09717,No,Yes,No
Celta de Vigo,2025-10-19,HT:1-0/FT:1-1,Sociedad,-0.5,2,1.77,2.05,3.1,3.2,2.5,1.9,1.77,0.432575,2.602863,1.517719,1.085144,0.517711,0.472265,0.469496,1,1,0,0,-0.517719,-0.085144,0,-0.432575,-100,0.713749,0.151401,No,Yes,No
Elche,2025-10-19,HT:0-0/FT:0-0,Athletic Bilbao,0.5,1.77,2,3.2,3.1,2.05,2.5,2.15,1.6,-0.432575,2.386143,0.976784,1.409359,0.573333,0.530425,0.530504,0,0,0,0,-0.976784,-1.409359,0,0.432575,-100,-0.151401,-0.713749,Yes,No,No
Atletico Madrid,2025-10-18,HT:0-0/FT:1-0,Osasuna,-1.25,1.87,1.9,1.35,4.3,7.5,2.5,1.8,1.87,1.665755,2.712927,2.189341,0.523586,0.490463,0.573998,0.503979,1,0,0,0,-1.189341,-0.523586,1,-0.665755,-39.97,2.748496,0.583014,No,Yes,No
Villarreal,2025-10-18,HT:1-0/FT:2-2,Real Betis,-0.25,1.77,2.03,1.9,3.4,3.4,3.5,2.35,1.5,0.565279,3.164685,1.864982,1.299703,0.61039,0.563388,0.534211,2,2,0,0,0.135018,0.700297,0,-0.565279,-100,0.93271,0.197848,No,Yes,No
Barcelona,2025-10-18,HT:1-1/FT:2-1,Girona,-2,1.77,2.03,1.15,7,9,3.5,1.58,2.2,1.998619,4.08005,3.039335,1.040716,0.417989,0.483253,0.534211,2,1,0,0,-1.039335,-0.040716,1,-0.998619,-49.97,3.297721,0.699517,No,Yes,No
Sevilla,2025-10-18,HT:1-0/FT:1-3,Mallorca,-0.5,1.9,1.85,1.9,3.05,3.8,2.5,2.1,1.63,0.673323,2.425723,1.549523,0.8762,0.563003,0.531396,0.493333,1,3,0,0,-0.549523,2.1238,-2,-2.673323,-397.03,1.110983,0.235663,No,Yes,No
Oviedo,2025-10-17,HT:0-0/FT:0-2,Espanyol,0,2.05,1.75,2.75,3,2.35,2.5,2.15,1.6,-0.15269,2.386143,1.116726,1.269416,0.573333,0.462911,0.460526,0,2,0,0,-1.116726,0.730584,-2,-1.84731,1209.84,-0.053442,-0.251939,No,Yes,No
Celta de Vigo,2025-10-05,HT:0-1/FT:1-1,Atletico Madrid,0.75,1.85,1.97,3.9,3.7,1.67,2.5,1.75,1.93,-0.823896,2.774545,0.975325,1.79922,0.475543,0.493718,0.515707,1,1,0,0,0.024675,-0.79922,0,0.823896,-100,-0.288364,-1.359428,Yes,No,No
Sociedad,2025-10-05,HT:0-0/FT:0-1,Vallecano,-0.25,1.77,2.03,2,3.2,3.3,2.5,2,1.7,0.486453,2.512774,1.499614,1.013161,0.540541,0.549583,0.534211,0,1,0,0,-1.499614,-0.013161,-1,-1.486453,-305.57,0.802647,0.170259,No,Yes,No
Espanyol,2025-10-05,HT:1-0/FT:1-2,Real Betis,0,1.82,1.95,2.4,3.2,2.55,2.5,1.77,1.9,0.058891,2.746559,1.402725,1.343834,0.482289,0.513467,0.517241,1,2,0,0,-0.402725,0.656166,-1,-1.058891,-1798.05,0.09717,0.020612,No,Yes,No
Sevilla,2025-10-05,HT:2-1/FT:4-1,Barcelona,1.25,1.9,1.87,5.2,5,1.37,3.5,1.97,1.72,-1.2957,3.51279,1.108545,2.404245,0.533875,0.505435,0.496021,4,1,1,0,1.891455,-1.404245,2,3.2957,-254.36,-0.453495,-2.137905,Yes,No,No
Alaves,2025-10-05,HT:0-0/FT:3-1,Elche,-0.25,1.95,1.82,2.2,2.9,3.1,1.5,1.5,2.35,0.333137,2.061519,1.197328,0.864191,0.38961,0.511404,0.482759,3,1,1,0,0.802672,0.135809,1,0.666863,200.18,0.549676,0.116598,Yes,No,No
Real Madrid,2025-10-04,HT:0-0/FT:3-1,Villarreal,-1.25,1.87,1.9,1.37,4.5,6,3.5,1.97,1.72,1.434708,3.51279,2.473749,1.039041,0.533875,0.523148,0.503979,3,1,1,0,-0.473749,-0.039041,1,-0.434708,-30.3,2.367268,0.502148,No,Yes,No
Athletic Bilbao,2025-10-04,HT:1-0/FT:2-1,Mallorca,-0.75,1.77,2.03,1.45,3.7,6.5,2.5,2.1,1.63,1.457332,2.425723,1.941528,0.484196,0.563003,0.657529,0.534211,2,1,1,0,-0.941528,0.515804,0,-1.457332,-100,2.404598,0.510066,No,Yes,No
Girona,2025-10-04,HT:1-0/FT:2-1,Valencia,-0.25,2.03,1.77,2.3,3.1,2.7,2.5,1.87,1.8,0.155757,2.635571,1.395664,1.239907,0.509537,0.471015,0.465789,2,1,0,0,0.604336,-0.239907,1,0.844243,542.03,0.256999,0.054515,Yes,No,No
Oviedo,2025-10-04,HT:0-1/FT:0-2,Levante,-0.25,2.05,1.75,2.35,3.1,2.65,2.5,2.15,1.6,0.116708,2.386143,1.251425,1.134717,0.573333,0.459117,0.460526,0,2,0,0,-1.251425,0.865283,-2,-2.116708,-1813.68,0.192568,0.040848,No,Yes,No
Osasuna,2025-10-03,HT:1-1/FT:2-1,Getafe,-0.25,1.82,1.95,2.1,2.75,3.5,1.5,1.58,2.2,0.496216,1.956206,1.226211,0.729995,0.417989,0.554731,0.517241,2,1,0,0,0.773789,0.270005,1,0.503784,101.53,0.818756,0.173676,No,No,Yes
Valencia,2025-09-30,HT:1-0/FT:1-2,Oviedo,-0.75,1.8,2,1.58,3.6,4.8,2.5,1.97,1.72,1.079411,2.538895,1.809153,0.729742,0.533875,0.566458,0.526316,1,2,0,0,-0.809153,1.270258,-1,-2.079411,-192.64,1.781028,0.377794,No,Yes,No
Real Betis,2025-09-28,HT:2-0/FT:2-0,Osasuna,-0.5,1.77,2.03,1.63,3.7,4.2,2.5,1.77,1.9,0.919434,2.746559,1.832997,0.913562,0.482289,0.590205,0.534211,2,0,0,0,0.167003,-0.913562,2,1.080566,117.53,1.517066,0.321802,No,No,Yes
Barcelona,2025-09-28,HT:1-1/FT:2-1,Sociedad,-1.75,1.87,1.9,1.25,5,9.5,3.5,1.77,1.9,1.970143,3.757158,2.863651,0.893508,0.482289,0.527731,0.503979,2,1,0,0,-0.863651,0.106492,1,-0.970143,-49.24,3.250736,0.68955,No,Yes,No
Elche,2025-09-28,HT:1-1/FT:2-1,Celta de Vigo,0,2,1.82,2.65,3,2.45,2.5,2.1,1.63,-0.076227,2.425723,1.174748,1.250975,0.563003,0.4816,0.47644,2,1,0,0,0.825252,-0.250975,1,1.076227,-1411.87,-0.026679,-0.125775,Yes,No,No
Vallecano,2025-09-28,HT:0-0/FT:0-1,Sevilla,-0.5,2,1.77,2,3.05,3.4,2.5,2.1,1.63,0.515452,2.425723,1.470588,0.955136,0.563003,0.491173,0.469496,0,1,0,0,-1.470588,0.044864,-1,-1.515452,-294,0.850496,0.180408,No,Yes,No
Villarreal,2025-09-27,HT:0-0/FT:1-0,Athletic Bilbao,-0.5,2,1.77,2.03,3.05,3.3,2.5,1.93,1.75,0.47199,2.576058,1.524024,1.052034,0.524457,0.481688,0.469496,1,0,0,0,-0.524024,-1.052034,1,0.52801,111.87,0.778784,0.165197,No,No,Yes
Mallorca,2025-09-27,HT:1-0/FT:1-0,Alaves,-0.25,1.93,1.88,2.15,2.9,3.2,1.5,1.5,2.35,0.386309,2.061519,1.223914,0.837605,0.38961,0.52539,0.493438,1,0,0,0,-0.223914,-0.837605,1,0.613691,158.86,0.63741,0.135208,No,No,Yes
Atletico Madrid,2025-09-27,HT:2-2/FT:5-2,Real Madrid,0.25,1.8,2.02,2.7,3.3,2.2,2.5,1.58,2.2,-0.198937,3.023304,1.412183,1.61112,0.417989,0.516631,0.528796,5,2,1,0,2.587817,0.38888,2,2.198937,-1105.34,-0.069628,-0.328246,Yes,No,No
Getafe,2025-09-27,HT:0-1/FT:1-1,Levante,-0.25,1.8,2,2,3,3.6,1.5,1.47,2.45,0.570976,2.118031,1.344503,0.773527,0.375,0.573304,0.526316,1,1,0,0,-0.344503,0.226473,0,-0.570976,-100,0.94211,0.199842,No,Yes,No
Girona,2025-09-26,HT:0-0/FT:0-0,Espanyol,0,1.75,2.1,2.3,3.1,2.7,2.5,1.83,1.83,0.155757,2.67406,1.414909,1.259152,0.5,0.536009,0.545455,0,0,0,0,-1.414909,-1.259152,0,-0.155757,-100,0.256999,0.054515,No,Yes,No
Oviedo,2025-09-25,HT:1-0/FT:1-3,Barcelona,1.75,1.85,1.87,9,5.5,1.22,3.5,2,1.7,-1.94122,3.481913,0.770346,2.711567,0.540541,0.478643,0.502688,1,3,0,0,0.229654,0.288433,-2,-0.05878,3.03,-0.679427,-3.203013,Yes,No,No
Osasuna,2025-09-25,HT:1-0/FT:1-1,Elche,-0.5,2,1.8,2,2.9,3.8,2.5,2.2,1.58,0.623497,2.353093,1.488295,0.864798,0.582011,0.51841,0.473684,1,1,0,0,-0.488295,0.135202,0,-0.623497,-100,1.02877,0.218224,No,Yes,No
Atletico Madrid,2025-09-24,HT:1-1/FT:3-2,Vallecano,-1.25,2.05,1.75,1.5,3.9,5.2,2.5,1.8,1.87,1.207638,2.712927,1.960282,0.752644,0.490463,0.4686,0.460526,3,2,0,0,1.039718,1.247356,1,-0.207638,-17.19,1.992603,0.422673,No,Yes,No
Sociedad,2025-09-24,HT:0-0/FT:1-0,Mallorca,-0.75,1.97,1.8,1.7,3.3,4.3,2.5,2.1,1.63,0.901446,2.425723,1.663585,0.762139,0.563003,0.52369,0.477454,1,0,0,0,-0.663585,-0.762139,1,0.098554,10.93,1.487386,0.315506,No,Yes,No
Getafe,2025-09-24,HT:0-0/FT:1-1,Alaves,-0.5,1.92,1.77,2.2,2.7,3.4,1.5,1.67,2.03,0.422868,1.83894,1.130904,0.708036,0.451351,0.456465,0.479675,1,1,0,0,-0.130904,0.291964,0,-0.422868,-100,0.697732,0.148004,No,Yes,No
Sevilla,2025-09-23,HT:0-1/FT:1-2,Villarreal,0.25,1.85,1.92,2.9,3.2,2.15,2.5,1.8,1.87,-0.290685,2.712927,1.211121,1.501806,0.490463,0.496971,0.509284,1,2,0,0,-0.211121,0.498194,-1,-0.709315,244.01,-0.10174,-0.47963,No,Yes,No
Levante,2025-09-23,HT:0-2/FT:1-4,Real Madrid,1.25,2,1.77,7,5.2,1.3,3.5,2.15,1.6,-1.635396,3.331756,0.84818,2.483576,0.573333,0.434927,0.469496,1,4,0,1,0.15182,0.516424,-2,-0.364604,22.29,-0.572389,-2.698403,Yes,No,No
Espanyol,2025-09-23,HT:0-1/FT:2-2,Valencia,-0.25,1.97,1.85,2.15,3.05,3,2.5,2.1,1.63,0.323617,2.425723,1.37467,1.051053,0.563003,0.510168,0.484293,2,2,0,0,0.62533,0.948947,0,-0.323617,-100,0.533968,0.113266,No,Yes,No
Athletic Bilbao,2025-09-23,HT:0-1/FT:1-1,Girona,-1,1.77,2.03,1.37,4.4,6.5,2.5,1.83,1.83,1.512461,2.67406,2.093261,0.580799,0.5,0.60156,0.534211,1,1,0,0,-1.093261,0.419201,0,-1.512461,-100,2.495561,0.529361,No,Yes,No
Barcelona,2025-09-21,HT:2-0/FT:3-0,Getafe,-1.75,1.97,1.85,1.22,5.2,11,3.5,2.35,1.5,2.136152,3.164685,2.650418,0.514267,0.61039,0.56227,0.484293,3,0,0,0,0.349582,-0.514267,3,0.863848,40.44,3.524651,0.747653,No,No,Yes
Elche,2025-09-21,HT:1-0/FT:1-0,Oviedo,-0.5,2,1.8,2,2.95,3.7,2.5,2.45,1.47,0.597591,2.191477,1.394534,0.796943,0.625,0.510654,0.473684,1,0,0,0,-0.394534,-0.796943,1,0.402409,67.34,0.986025,0.209157,No,No,Yes
Mallorca,2025-09-21,HT:0-0/FT:1-1,Atletico Madrid,0.75,1.85,1.97,4.5,3.3,1.67,2.5,2.1,1.63,-0.962904,2.425723,0.73141,1.694314,0.563003,0.461286,0.515707,1,1,0,0,0.26859,-0.694314,0,0.962904,-100,-0.337016,-1.588792,Yes,No,No
Vallecano,2025-09-21,HT:0-0/FT:1-1,Celta de Vigo,-0.5,2.02,1.8,2.2,3.05,2.95,2.5,1.97,1.72,0.284958,2.538895,1.411927,1.126969,0.533875,0.435054,0.471204,1,1,0,0,-0.411927,-0.126969,0,-0.284958,-100,0.470181,0.099735,No,Yes,No
Valencia,2025-09-20,HT:0-0/FT:2-0,Athletic Bilbao,0.25,1.75,2.1,2.8,2.9,2.4,2.5,2.3,1.53,-0.149742,2.283112,1.066685,1.216427,0.600522,0.533911,0.545455,2,0,0,0,0.933315,-1.216427,2,2.149742,-1435.63,-0.05241,-0.247074,Yes,No,No
Alaves,2025-09-20,HT:1-1/FT:1-2,Sevilla,-0.25,2.07,1.77,2.3,2.9,2.9,1.5,1.45,2.5,0.225172,2.149347,1.18726,0.962088,0.367089,0.48387,0.460938,1,2,1,0,-1.18726,1.037912,-2,-2.225172,-988.21,0.371534,0.07881,No,Yes,No
Villarreal,2025-09-20,HT:0-1/FT:2-1,Osasuna,-0.75,1.77,2.03,1.48,4,5.2,2.5,1.67,2.03,1.220677,2.876795,2.048736,0.828059,0.451351,0.596091,0.534211,2,1,0,1,-0.048736,-0.828059,2,0.779323,63.84,2.014117,0.427237,No,No,Yes
Real Madrid,2025-09-20,HT:1-0/FT:2-0,Espanyol,-2,1.93,1.88,1.18,5.5,12,3.5,2,1.7,2.253058,3.481913,2.867485,0.614428,0.540541,0.530769,0.493438,2,0,0,0,-0.867485,-0.614428,2,-0.253058,-11.23,3.717546,0.78857,No,Yes,No
Girona,2025-09-20,HT:0-1/FT:0-4,Levante,-0.5,1.87,1.87,1.87,3.4,3.5,2.5,1.8,1.87,0.608897,2.712927,1.660912,1.052015,0.490463,0.515945,0.5,0,4,0,0,-1.660912,2.947985,-4,-4.608897,-756.93,1.00468,0.213114,No,Yes,No
Real Betis,2025-09-19,HT:1-1/FT:3-1,Sociedad,-0.5,1.95,1.77,1.95,3.2,3.3,2.5,1.97,1.72,0.511047,2.538895,1.524971,1.013924,0.533875,0.491042,0.475806,3,1,0,0,1.475029,-0.013924,2,1.488953,291.35,0.843228,0.178866,Yes,No,No
Espanyol,2025-09-15,HT:2-1/FT:3-2,Mallorca,-0.25,1.93,1.88,2.15,3,3.1,2.5,2.25,1.55,0.355469,2.314848,1.335158,0.97969,0.592105,0.517833,0.493438,3,2,1,1,0.664842,0.02031,1,0.644531,181.32,0.586524,0.124414,Yes,No,No
Barcelona,2025-09-14,HT:1-0/FT:6-0,Valencia,-1.75,1.8,2.02,1.2,6,10,3.5,1.75,1.93,2.059624,3.789948,2.924786,0.865162,0.475543,0.545525,0.528796,6,0,0,0,3.075214,-0.865162,6,3.940376,191.32,3.39838,0.720868,Yes,No,No
Osasuna,2025-09-14,HT:1-0/FT:2-0,Vallecano,0,1.75,2.1,2.35,2.95,2.8,1.5,1.45,2.5,0.170193,2.149347,1.15977,0.989577,0.367089,0.5432,0.545455,2,0,0,0,0.84023,-0.989577,2,1.829807,1075.14,0.280818,0.059568,Yes,No,No
Levante,2025-09-14,HT:2-1/FT:2-2,Real Betis,0.5,1.8,2.02,3.05,3.2,2.05,2.5,1.87,1.8,-0.385939,2.635571,1.124816,1.510755,0.509537,0.538735,0.528796,2,2,0,0,0.875184,0.489245,0,0.385939,-100,-0.135079,-0.636799,Yes,No,No
Celta de Vigo,2025-09-14,HT:0-1/FT:1-1,Girona,-0.75,1.88,1.93,1.65,3.7,4.1,2.5,1.63,2.1,0.88418,2.938988,1.911584,1.027404,0.436997,0.520328,0.506562,1,1,1,0,-1.911584,-0.027404,-1,-1.88418,-213.1,1.458897,0.309463,No,Yes,No
Atletico Madrid,2025-09-13,HT:1-0/FT:2-0,Villarreal,-0.75,1.97,1.8,1.82,3.2,3.7,2.5,1.67,2.03,0.689205,2.876795,1.783,1.093795,0.451351,0.476151,0.477454,2,0,0,0,0.217,-1.093795,2,1.310795,190.19,1.137188,0.241222,Yes,No,No
Athletic Bilbao,2025-09-13,HT:0-0/FT:0-1,Alaves,-0.75,1.77,2.07,1.5,3.6,6,2.5,2.2,1.58,1.346646,2.353093,1.849869,0.503223,0.582011,0.632739,0.539063,0,1,0,0,-1.849869,0.496777,-1,-2.346646,-174.26,2.221966,0.471326,No,Yes,No
Sociedad,2025-09-13,HT:0-2/FT:1-2,Real Madrid,1,1.85,1.97,4.8,4,1.5,2.5,1.65,2.07,-1.129885,2.910454,0.890285,2.020169,0.443548,0.485357,0.515707,1,2,1,0,-0.890285,-0.020169,-2,-0.870115,77.01,-0.39546,-1.86431,No,No,Yes
Getafe,2025-09-13,HT:2-0/FT:2-0,Oviedo,-0.5,1.95,1.8,1.95,2.8,3.9,1.5,1.5,2.35,0.673323,2.061519,1.367421,0.694098,0.38961,0.530421,0.48,2,0,0,0,0.632579,-0.694098,2,1.326677,197.03,1.110983,0.235663,Yes,No,No
Sevilla,2025-09-12,HT:1-0/FT:2-2,Elche,-0.5,2,1.85,1.9,3.05,3.6,2.5,2.1,1.63,0.620802,2.425723,1.523263,0.902461,0.563003,0.518013,0.480519,2,2,0,0,0.476737,1.097539,0,-0.620802,-100,1.024323,0.217281,No,Yes,No
Vallecano,2025-08-31,HT:0-1/FT:1-1,Barcelona,1.25,1.97,1.85,6,4.7,1.37,3.5,2.07,1.65,-1.434708,3.40872,0.987006,2.421714,0.556452,0.47703,0.484293,1,1,0,1,0.012994,-2.421714,1,2.434708,-169.7,-0.502148,-2.367268,Yes,No,No
Espanyol,2025-08-31,HT:0-0/FT:1-0,Osasuna,0,1.75,2.1,2.25,2.95,2.95,2.5,2.15,1.6,0.263128,2.386143,1.324635,1.061507,0.573333,0.563783,0.545455,1,0,0,0,-0.324635,-1.061507,1,0.736872,280.04,0.434161,0.092095,Yes,No,No
Real Betis,2025-08-31,HT:0-0/FT:1-2,Athletic Bilbao,0.25,1.77,2.07,2.65,2.9,2.5,2.5,2.1,1.63,-0.056602,2.425723,1.184561,1.241163,0.563003,0.555023,0.539063,1,2,0,0,-0.184561,0.758837,-1,-0.943398,1666.72,-0.019811,-0.093393,No,Yes,No
Celta de Vigo,2025-08-31,HT:0-0/FT:1-1,Villarreal,0.25,1.77,2.07,2.55,3.3,2.35,2.5,1.65,2.07,-0.079342,2.910454,1.415556,1.494898,0.443548,0.544076,0.539063,1,1,0,0,-0.415556,-0.494898,0,0.079342,-100,-0.02777,-0.130914,Yes,No,No
Real Madrid,2025-08-30,HT:2-1/FT:2-1,Mallorca,-2,2.02,1.8,1.17,6,11,3.5,2.35,1.5,2.176802,3.164685,2.670744,0.493941,0.61039,0.513805,0.471204,2,1,0,0,-0.670744,0.506059,1,-1.176802,-54.06,3.591723,0.761881,No,Yes,No
Girona,2025-08-30,HT:0-1/FT:0-2,Sevilla,0,1.75,2.1,2.35,3,2.75,2.5,2,1.7,0.15269,2.512774,1.332732,1.180042,0.540541,0.536271,0.545455,0,2,0,0,-1.332732,0.819958,-2,-2.15269,-1409.84,0.251939,0.053442,No,Yes,No
Oviedo,2025-08-30,HT:1-0/FT:1-0,Sociedad,0.25,1.91,1.91,3.2,2.9,2.15,2.5,2.25,1.55,-0.386309,2.314848,0.964269,1.350579,0.592105,0.474455,0.5,1,0,0,0,0.035731,-1.350579,1,1.386309,-358.86,-0.135208,-0.63741,Yes,No,No
Alaves,2025-08-30,HT:1-1/FT:1-1,Atletico Madrid,0.75,1.77,2.03,4.2,3.3,1.72,2.5,2.03,1.67,-0.867227,2.481184,0.806978,1.674206,0.548649,0.484486,0.534211,1,1,1,0,-0.806978,-0.674206,-1,-0.132773,15.31,-0.303529,-1.430925,Yes,No,No
Valencia,2025-08-29,HT:1-0/FT:3-0,Getafe,-0.25,1.75,2.05,2.03,2.8,3.7,1.5,1.55,2.25,0.583129,1.993034,1.288081,0.704953,0.407895,0.577622,0.539474,3,0,0,0,1.711919,-0.704953,3,2.416871,414.47,0.962163,0.204095,Yes,No,No
Elche,2025-08-29,HT:0-0/FT:2-0,Levante,-0.25,1.88,1.93,2.1,3,3.2,2.5,2.1,1.63,0.409167,2.425723,1.417445,1.008278,0.563003,0.531118,0.506562,2,0,0,0,0.582555,-1.008278,2,1.590833,388.8,0.675126,0.143208,Yes,No,No
Celta de Vigo,2025-08-27,HT:0-1/FT:1-1,Real Betis,-0.25,1.85,1.97,2.05,3.3,3,2.5,1.8,1.87,0.369882,2.712927,1.541405,1.171522,0.490463,0.521477,0.515707,1,1,0,0,-0.541405,-0.171522,0,-0.369882,-100,0.610305,0.129459,No,Yes,No
Sevilla,2025-08-25,HT:1-1/FT:1-2,Getafe,-0.5,2,1.8,2.2,2.9,3.1,1.5,1.45,2.5,0.333137,2.149347,1.241242,0.908105,0.367089,0.43926,0.473684,1,2,0,0,-0.241242,1.091895,-1,-1.333137,-400.18,0.549676,0.116598,No,Yes,No
Athletic Bilbao,2025-08-25,HT:0-0/FT:1-0,Vallecano,-0.75,1.91,1.91,1.65,3.3,4.7,2.5,2.15,1.6,1.016849,2.386143,1.701496,0.684647,0.573333,0.552003,0.5,1,0,1,0,-1.701496,-0.684647,0,-1.016849,-100,1.677801,0.355897,No,Yes,No
Oviedo,2025-08-24,HT:0-1/FT:0-3,Real Madrid,1.5,1.97,1.98,9.5,4.8,1.27,2.5,1.65,2.07,-1.954724,2.910454,0.477865,2.432589,0.443548,0.419448,0.501266,0,3,0,0,-0.477865,0.567411,-3,-1.045276,53.47,-0.684153,-3.225295,No,No,Yes
Villarreal,2025-08-24,HT:4-0/FT:5-0,Girona,-1.25,1.97,1.8,1.48,4.1,5,2.5,1.55,2.25,1.182578,3.069071,2.125825,0.943246,0.407895,0.467232,0.477454,5,0,0,0,2.874175,-0.943246,5,3.817422,322.81,1.951254,0.413902,Yes,No,No
Sociedad,2025-08-24,HT:0-2/FT:2-2,Espanyol,-0.5,1.8,1.97,1.8,3.2,4.1,2.5,2.2,1.58,0.799657,2.353093,1.576375,0.776718,0.582011,0.563894,0.522546,2,2,0,1,0.423625,0.223282,1,0.200343,25.05,1.319434,0.27988,No,Yes,No
Osasuna,2025-08-24,HT:1-0/FT:1-0,Valencia,-0.25,2.02,1.8,2.25,2.95,2.95,2.5,2.3,1.53,0.263128,2.283112,1.27312,1.009992,0.600522,0.494553,0.471204,1,0,0,0,-0.27312,-1.009992,1,0.736872,280.04,0.434161,0.092095,Yes,No,No
Levante,2025-08-23,HT:2-0/FT:2-3,Barcelona,2,1.8,2.02,9.5,5.5,1.22,3.5,1.75,1.93,-1.993741,3.789948,0.898104,2.891845,0.475543,0.519542,0.528796,2,3,1,0,0.101896,0.108155,-2,-0.006259,0.31,-0.697809,-3.289673,Yes,No,No
Atletico Madrid,2025-08-23,HT:1-1/FT:1-1,Elche,-1.75,2,1.82,1.2,5.5,11,2.5,1.65,2.07,2.152208,2.910454,2.531331,0.379123,0.443548,0.566269,0.47644,1,1,0,0,-1.531331,0.620877,0,-2.152208,-100,3.551143,0.753273,No,Yes,No
Mallorca,2025-08-23,HT:0-1/FT:1-1,Celta de Vigo,0.25,1.77,2.07,2.75,2.85,2.45,2.5,2.3,1.53,-0.112209,2.283112,1.085451,1.19766,0.600522,0.543302,0.539063,1,1,0,0,-0.085451,-0.19766,0,0.112209,-100,-0.039273,-0.185145,Yes,No,No
Real Betis,2025-08-22,HT:1-0/FT:1-0,Alaves,-0.5,1.8,2.02,1.75,3.3,4,2.5,2.1,1.63,0.803036,2.425723,1.61438,0.811344,0.563003,0.564377,0.528796,1,0,0,0,-0.61438,-0.811344,1,0.196964,24.53,1.325009,0.281063,No,Yes,No
Real Madrid,2025-08-19,HT:0-0/FT:1-0,Osasuna,-1.75,1.85,1.97,1.18,6,10,3.5,2.3,1.53,2.07595,3.208976,2.642463,0.566513,0.600522,0.549319,0.515707,1,0,1,0,-2.642463,-0.566513,0,-2.07595,-100,3.425318,0.726583,No,Yes,No
Elche,2025-08-18,HT:0-1/FT:1-1,Real Betis,0.25,1.85,1.97,2.95,3.1,2.15,2.5,2.07,1.65,-0.30729,2.450965,1.071837,1.379128,0.556452,0.493753,0.515707,1,1,0,0,-0.071837,-0.379128,0,0.30729,-100,-0.107552,-0.507029,Yes,No,No
Espanyol,2025-08-17,HT:0-1/FT:2-1,Atletico Madrid,1,1.85,1.97,5.8,3.6,1.5,2.5,2.07,1.65,-1.313714,2.450965,0.568625,1.88234,0.556452,0.443306,0.515707,2,1,0,0,1.431375,-0.88234,1,2.313714,-176.12,-0.4598,-2.167628,Yes,No,No
Athletic Bilbao,2025-08-17,HT:2-0/FT:3-2,Sevilla,-1,2.07,1.77,1.58,3.5,5,2.5,2.1,1.63,1.119065,2.425723,1.772394,0.653329,0.563003,0.510077,0.460938,3,2,1,0,0.227606,1.346671,0,-1.119065,-100,1.846457,0.391673,No,Yes,No
Celta de Vigo,2025-08-17,HT:0-0/FT:0-2,Getafe,-0.75,1.91,1.91,1.65,3.2,5,1.5,1.45,2.5,1.076955,2.149347,1.613151,0.536196,0.367089,0.568025,0.5,0,2,0,0,-1.613151,1.463804,-2,-3.076955,-285.71,1.776976,0.376934,No,Yes,No
Alaves,2025-08-16,HT:1-0/FT:2-1,Levante,-0.25,1.82,2,2.05,2.95,3.4,2.5,2.45,1.47,0.491466,2.191477,1.341471,0.850006,0.625,0.552401,0.52356,2,1,0,0,0.658529,0.149994,1,0.508534,103.47,0.810919,0.172013,No,No,Yes
Valencia,2025-08-16,HT:0-0/FT:1-1,Sociedad,-0.25,2.15,1.72,2.55,2.65,2.85,1.5,1.55,2.25,0.108045,1.993034,1.050539,0.942495,0.407895,0.451187,0.444444,1,1,0,0,-0.050539,0.057505,0,-0.108045,-100,0.178274,0.037816,No,Yes,No
Mallorca,2025-08-16,HT:0-2/FT:0-3,Barcelona,1.25,1.8,2.02,5.5,4.2,1.42,3.5,2.35,1.5,-1.315364,3.164685,0.92466,2.240025,0.61039,0.503288,0.528796,0,3,0,0,-0.92466,0.759975,-3,-1.684636,128.07,-0.460377,-2.170351,No,No,Yes
Villarreal,2025-08-15,HT:2-0/FT:2-0,Oviedo,-1.25,1.82,2,1.3,4.5,8.5,2.5,1.8,1.87,1.824,2.712927,2.268463,0.444464,0.490463,0.610207,0.52356,2,0,0,0,-0.268463,-0.444464,2,0.176,9.65,3.0096,0.6384,No,Yes,No
Girona,2025-08-15,HT:0-3/FT:1-3,Vallecano,-0.25,1.97,1.85,2.2,3.05,2.95,2.5,2,1.7,0.284958,2.512774,1.398866,1.113908,0.540541,0.501042,0.484293,1,3,0,1,-0.398866,0.886092,-1,-1.284958,-450.93,0.470181,0.099735,No,Yes,No
